DOI,Layer,Indegree,Direct,Freq,Seed,Citation_Count,Score
10.1038/nature14236,0,0,0,1,1,19974,199.1205
10.5962/bhl.title.55072,1,1,1,1,0,611,39.9512
10.1126/science.275.5306.1593,1,1,1,1,0,7173,45.202
10.1007/bf00344251,1,2,1,2,0,3932,39.0676
10.1145/203330.203343,1,1,1,1,0,968,39.5494
10.1007/s10514-009-9120-4,1,1,1,1,0,175,40.545
10.1561/2200000006,1,1,1,1,0,5743,41.9448
10.1126/science.1127647,1,1,1,1,0,15599,76.3241
10.1613/jair.3912,1,1,1,1,0,860,39.6628
10.1007/s11023-007-9079-x,1,1,1,1,0,389,40.2396
10.1109/5.726791,1,2,1,2,0,40562,198.9115
10.1113/jphysiol.1963.sp007079,1,1,1,1,0,611,39.9512
10.1109/9.580874,1,2,1,2,0,694,19.6297
10.1037/0033-295x.102.3.419,1,8,1,8,0,3656,16.5619
10.1016/j.tins.2010.01.006,1,1,1,1,0,352,40.2905
10.1038/nn.2304,1,1,1,1,0,231,40.4625
10.1038/415318a,1,1,1,1,0,446,40.1628
10.1038/nn.3203,1,1,1,1,0,323,40.331
10.1016/s0004-3702(98)00023-x,1,1,1,1,0,2198,38.7773
10.1037/h0076778,2,1,0,1,0,1903,46.0152
10.1037/0033-295x.88.2.135,2,4,0,4,0,1037,15.659
10.1101/lm.1.1.1,2,2,0,2,0,117,30.3211
10.1038/377725a0,2,1,0,1,0,220,46.303
10.1523/jneurosci.16-05-01936.1996,2,2,0,2,0,1536,24.1076
10.1016/0306-4522(94)90592-4,2,1,0,1,0,192,46.3209
10.7551/mitpress/4708.003.0020,2,1,0,1,0,83,46.3946
10.1016/1044-5765(92)90012-q,2,1,0,1,0,116,46.3716
10.1002/syn.890100307,2,1,0,1,0,224,46.3005
10.1016/0376-8716(95)01118-i,2,1,0,1,0,462,46.1659
10.1016/0006-8993(75)90998-1,2,2,0,2,0,85,30.2311
10.1126/science.897677,2,1,0,1,0,58,46.4125
10.1007/bf00426039,2,1,0,1,0,18,46.4417
10.1016/0006-8993(80)90666-6,2,1,0,1,0,218,46.3042
10.1146/annurev.ps.40.020189.001203,2,1,0,1,0,1449,45.939
10.1017/s0140525x00010372,2,2,0,2,0,809,26.9686
10.1016/0165-0173(83)90038-3,2,2,0,2,0,676,29.8568
10.1126/science.6857251,2,2,0,2,0,175,27.3107
10.1016/0361-9230(89)90223-2,2,1,0,1,0,44,46.4226
10.1152/physrev.1991.71.1.155,2,1,0,1,0,836,46.0168
10.1007/bf00342633,2,3,0,3,0,533,60.7576
10.1152/jn.1972.35.1.96,2,3,0,3,0,1111,21.5524
10.1113/jphysiol.1962.sp006837,2,4,0,4,0,10028,70.0986
10.1152/jn.1965.28.2.229,2,3,0,3,0,1931,18.8648
10.1098/rspb.1977.0085,2,2,0,2,0,1719,14.5173
10.1016/0893-6080(89)90020-8,2,5,0,5,0,16496,87.5561
10.7551/mitpress/5236.001.0001,2,4,0,4,0,13711,67.1967
10.1147/rd.33.0210,2,8,0,8,0,2583,11.4156
10.1023/a:1022633531479,2,1,0,1,0,189,39.1836
10.1162/neco.1989.1.3.321,2,1,0,1,0,38,39.3787
10.1007/bf00992697,2,2,0,2,0,276,20.2596
10.1016/s0004-3702(99)00026-0,2,1,0,1,0,95,38.4769
10.1109/iros.2008.4650953,2,1,0,1,0,52,38.5374
10.1080/088395198117848,2,2,0,2,0,133,19.8212
10.1163/1568553041719519,2,1,0,1,0,15,38.5903
10.1177/0278364907087548,2,1,0,1,0,126,38.434
10.1016/j.neunet.2008.02.003,2,1,0,1,0,545,37.9126
10.1109/icnn.1993.298623,2,1,0,1,0,1920,36.4807
10.1177/105971230501300301,2,1,0,1,0,225,38.3009
10.1016/0004-3702(89)90017-9,2,2,0,2,0,72,20.2885
10.1016/j.robot.2004.05.005,2,1,0,1,0,52,38.5374
10.1016/0885-2308(87)90026-x,2,1,0,1,0,88,57.1922
10.1126/science.269.5232.1860,2,3,0,3,0,84,41.7506
10.1162/neco.1997.9.7.1493,2,2,0,2,0,532,50.3053
10.1073/pnas.79.8.2554,2,2,0,2,0,13861,74.5852
10.1162/neco.2006.18.7.1527,2,1,0,1,0,12351,83.1625
10.1002/(sici)1097-4571(199009)41:6<391::aid-asi1>3.0.co;2-9,2,1,0,1,0,7038,66.3232
10.1126/science.290.5500.2323,2,1,0,1,0,11188,79.0087
10.1126/science.290.5500.2319,2,1,0,1,0,9955,74.855
10.1109/21.97471,2,1,0,1,0,462,38.237
10.1002/j.1556-6676.1992.tb01670.x,2,1,0,1,0,34,38.7824
10.3406/psy.1904.3675,2,1,0,1,0,480,38.2165
10.2307/2184371,2,1,0,1,0,228,38.5212
10.1007/978-3-662-04978-5,2,1,0,1,0,134,38.6449
10.1017/cbo9780511571312,2,1,0,1,0,3188,36.9357
10.1007/bf02084159,2,2,0,2,0,99,20.0947
10.1109/jproc.1995.481636,2,1,0,1,0,17,38.8064
10.1093/mind/xcix.393.53,2,1,0,1,0,124,38.6584
10.1016/s0160-2896(97)90011-8,2,1,0,1,0,689,37.9942
10.1016/s0160-2896(97)90014-3,2,1,0,1,0,917,37.7837
10.1080/09528138908953691,2,1,0,1,0,148,38.6261
10.1023/a:1008367325700,2,1,0,1,0,59,38.7475
10.1016/b978-0-12-293850-4.50022-4,2,1,0,1,0,72,38.7295
10.1145/224538.224567,2,1,0,1,0,21,38.8008
10.1007/3-540-44795-4_20,2,1,0,1,0,22,38.7994
10.1016/j.tcs.2007.05.016,2,1,0,1,0,59,38.7475
10.1109/72.554195,2,1,0,1,0,2354,89.2326
10.1162/neco.1995.7.6.1289,2,1,0,1,0,89,86.4943
10.1016/0031-3203(82)90024-3,2,1,0,1,0,564,86.9516
10.1162/neco.1993.5.3.419,2,1,0,1,0,26,86.4385
10.1109/5.18626,2,1,0,1,0,14625,122.8829
10.1007/978-1-4615-3210-1,2,1,0,1,0,486,86.8722
10.1109/5.156474,2,1,0,1,0,34,86.4455
10.1109/5.156477,2,1,0,1,0,278,86.6687
10.1109/78.175747,2,1,0,1,0,531,86.9177
10.1007/bf00116037,2,1,0,1,0,2196,88.9967
10.1162/neco.1992.4.6.888,2,1,0,1,0,372,86.7592
10.1007/bf02551274,2,1,0,1,0,10013,107.3323
10.1162/neco.1991.3.3.440,2,1,0,1,0,136,86.5368
10.1109/tc.1978.1675179,2,2,0,2,0,25,78.4446
10.1162/neco.1994.6.5.851,2,1,0,1,0,281,86.6716
10.1103/physreva.45.6056,2,1,0,1,0,376,86.763
10.1007/978-1-4757-2440-0,2,1,0,1,0,17522,133.7966
10.1007/bf00115009,2,3,0,3,0,2376,12.623
10.1007/bf00993306,2,2,0,2,0,382,10.8041
10.1007/bf00993978,2,1,0,1,0,71,20.4122
10.1016/b978-1-55860-377-6.50040-2,2,2,0,2,0,138,11.0587
10.1162/neco.1995.7.2.270,2,2,0,2,0,22,11.4006
10.1007/bf00114726,2,1,0,1,0,250,20.1916
10.1007/bf00992698,2,3,0,3,0,7892,60.2663
10.1162/neco.1994.6.6.1185,2,4,0,4,0,396,6.9415
10.1007/bf00114724,2,1,0,1,0,192,20.259
10.1007/978-3-642-75894-2,2,2,0,2,0,884,10.8287
10.1136/jnnp.20.1.11,2,3,0,3,0,5158,37.3262
10.1016/j.conb.2006.03.013,2,1,0,1,0,479,38.1777
10.1038/297681a0,2,1,0,1,0,4514,42.1098
10.1038/13202,2,2,0,2,0,382,20.0061
10.1037/0033-295x.99.2.195,2,7,0,7,0,3813,18.4781
10.1038/nrn1607,2,2,0,2,0,1650,19.3587
10.1016/0028-3932(83)90005-2,2,1,0,1,0,127,38.6159
10.1111/j.1469-7580.2005.00421.x,2,2,0,2,0,620,19.7167
10.1016/j.tics.2007.02.005,2,1,0,1,0,574,38.0728
10.1126/science.1063530,2,2,0,2,0,547,19.7204
10.1016/j.tics.2007.09.001,2,3,0,3,0,513,26.2121
10.1038/nature05278,2,3,0,3,0,1490,14.6431
10.1126/science.1062856,2,6,0,6,0,785,9.4779
10.1016/s0896-6273(00)80987-3,2,1,0,1,0,941,37.7218
10.1016/0006-8993(86)91483-6,2,4,0,4,0,731,12.1281
10.1523/jneurosci.19-16-j0001.1999,2,1,0,1,0,292,38.4009
10.1016/0306-4522(89)90423-5,2,9,0,9,0,1385,9.7231
10.1016/0006-8993(71)90358-1,2,4,0,4,0,4631,25.4041
10.1016/0166-2236(87)90011-7,2,2,0,2,0,1021,21.3293
10.1146/annurev.ps.14.020163.000333,2,1,0,1,0,218,38.3686
10.1016/s0896-6273(01)00424-x,2,1,0,1,0,532,37.9876
10.1523/jneurosci.3002-07.2007,2,1,0,1,0,141,38.4714
10.1038/nn2070,2,1,0,1,0,417,38.1199
10.1146/annurev.psych.56.091103.070229,2,1,0,1,0,1110,37.1066
10.1146/annurev.neuro.28.061604.135722,2,1,0,1,0,1125,37.0794
10.1007/s00213-006-0578-x,2,2,0,2,0,1720,18.7879
10.1016/j.brainresrev.2007.10.007,2,1,0,1,0,186,38.4109
10.1038/35083586,2,1,0,1,0,475,38.0521
10.1016/j.tics.2005.05.010,2,1,0,1,0,253,38.3231
10.1523/jneurosci.22-21-09475.2002,2,2,0,2,0,1288,18.715
10.1038/nn1683,2,1,0,1,0,300,38.2631
10.1038/22268,2,1,0,1,0,1252,36.8646
10.1146/annurev.neuro.25.112701.142922,2,2,0,2,0,1029,19.0652
10.1146/annurev.neuro.22.1.319,2,4,0,4,0,1256,11.22
10.1146/annurev.neuro.29.051605.113038,2,1,0,1,0,3039,38.0317
10.1038/346174a0,2,2,0,2,0,695,19.4468
10.1523/jneurosci.12-12-04745.1992,2,3,0,3,0,1553,13.1839
10.1523/jneurosci.16-04-01486.1996,2,1,0,1,0,653,37.8574
10.3758/cabn.8.4.429,2,1,0,1,0,441,38.0916
10.1016/0010-0285(91)90016-h,2,1,0,1,0,459,38.3019
10.1037/h0043805,2,1,0,1,0,1319,37.5623
10.1037/0096-3445.111.4.369,2,3,0,3,0,42,14.4708
10.1007/s004220050407,2,1,0,1,0,18,38.8637
10.1046/j.1460-9568.1999.00530.x,2,2,0,2,0,71,20.6335
10.1046/j.1460-9568.1999.00531.x,2,2,0,2,0,134,20.4152
10.1016/s0042-6989(00)00083-3,2,1,0,1,0,113,38.7326
10.1126/science.291.5502.312,2,1,0,1,0,857,37.8998
10.1016/s0960-9822(95)00108-4,2,4,0,4,0,669,11.1448
10.1146/annurev.ne.19.030196.000545,2,3,0,3,0,1029,14.3482
10.1016/s0960-9822(06)00291-0,2,1,0,1,0,166,38.6618
10.1038/72140,2,1,0,1,0,993,37.7859
10.1037/0096-3445.115.1.39,2,1,0,1,0,1629,37.3979
10.1152/jn.1971.34.5.920,2,2,0,2,0,359,20.0785
10.1073/pnas.94.7.3408,2,1,0,1,0,463,38.2974
10.1523/jneurosci.21-04-01340.2001,2,1,0,1,0,185,38.6369
10.1016/s0010-0277(98)00016-x,2,1,0,1,0,132,38.707
10.1016/0042-6989(80)90128-5,2,1,0,1,0,1171,37.6551
10.1038/nn.2599,2,1,0,1,0,677,37.9336
10.1016/s0896-6273(00)80629-7,2,3,0,3,0,824,14.553
10.1073/pnas.0437938100,2,3,0,3,0,775,14.559
10.1016/j.neuron.2004.08.031,2,3,0,3,0,773,14.704
10.1016/j.neuron.2009.01.011,2,1,0,1,0,257,38.4146
10.1126/science.8036517,2,6,0,6,0,2462,13.3313
10.1016/s0896-6273(02)01096-6,2,3,0,3,0,1081,14.2076
10.1038/nn1825,2,6,0,6,0,1372,9.7446
10.1016/j.neuron.2004.10.007,2,4,0,4,0,565,11.9188
10.1038/nn.2384,2,1,0,1,0,1262,37.3217
10.1002/hipo.20707,2,1,0,1,0,682,37.9286
10.1126/science.1138581,2,4,0,4,0,977,11.0925
10.1126/science.1179013,2,1,0,1,0,435,38.1972
10.1038/nn.2744,2,1,0,1,0,283,38.3816
10.1016/j.neuron.2009.07.027,2,1,0,1,0,730,37.8809
10.1146/annurev.neuro.31.061307.090723,2,1,0,1,0,1466,36.9573
10.1152/jn.00404.2011,2,1,0,1,0,44,38.7005
10.1016/0022-247x(65)90154-x,2,5,0,5,0,485,11.7155
10.1016/0890-5401(92)90048-k,2,2,0,2,0,307,22.6699
10.1016/0004-3702(94)00086-g,2,1,0,1,0,76,40.6477
10.1287/opre.32.5.1107,2,2,0,2,0,100,21.999
10.1007/bf02283610,2,1,0,1,0,48,40.681
10.1109/tssc.1966.300074,2,1,0,1,0,559,40.1475
10.1016/0004-3702(94)00087-h,2,2,0,2,0,107,22.758
10.1007/bf02055574,2,2,0,2,0,343,22.5022
10.1287/mnsc.28.1.1,2,4,0,4,0,576,13.4563
10.1613/jair.277,2,1,0,1,0,70,40.6548
10.1287/opre.21.5.1071,2,4,0,4,0,822,13.4025
10.1287/opre.26.2.282,2,3,0,3,0,346,16.2289
10.1016/0167-6377(90)90022-w,2,1,0,1,0,45,40.6846
10.1007/bf00934845,2,2,0,2,0,33,22.8682
10.1007/bf02204836,2,1,0,1,0,109,40.6091
10.1287/opre.37.5.791,2,3,0,4,0,38,16.6948
10.1016/0304-3975(95)00188-3,2,1,0,1,0,311,40.3868
10.1016/0166-2236(93)90081-v,3,1,0,1,0,616,7.0637
10.1038/347069a0,3,1,0,1,0,677,7.0079
10.1038/320172a0,3,2,0,2,0,693,10.3785
10.1523/jneurosci.10-03-00909.1990,3,1,0,1,0,386,7.4846
10.1038/346724a0,3,1,0,1,0,529,7.1912
10.1016/0022-510x(73)90175-5,3,1,0,1,0,2158,15.7663
10.1073/pnas.90.17.8277,3,1,0,1,0,47,7.8729
10.1523/jneurosci.02-01-00032.1982,3,1,0,1,0,2206,16.1966
10.1038/361031a0,3,4,0,4,0,9326,69.6429
10.1113/jphysiol.1973.sp010273,3,4,0,4,0,5048,24.8381
10.1016/0014-2999(91)90505-k,3,1,0,1,0,515,7.2179
10.1038/315409a0,3,1,0,1,0,113,7.7694
10.1073/pnas.86.20.8113,3,1,0,1,0,156,7.709
10.1016/0896-6273(92)90104-l,3,1,0,1,0,1476,10.1299
10.1016/s0166-4328(05)80288-8,3,1,0,1,0,10,7.9364
10.7551/mitpress/2010.001.0001,3,1,0,1,0,808,7.0138
10.1038/332444a0,3,1,0,1,0,232,7.6161
10.1073/pnas.84.12.4342,3,1,0,1,0,256,7.5905
10.1038/337129a0,3,1,0,1,0,474,7.3061
10.1001/archneur.1985.04060030081013,3,1,0,1,0,339,7.5165
10.1038/366059a0,3,1,0,1,0,536,13.746
10.1523/jneurosci.15-03-01617.1995,3,1,0,1,0,427,13.827
10.3758/bf03200017,3,1,0,1,0,27,14.3023
10.3758/bf03200062,3,1,0,1,0,21,14.3115
10.3758/bf03197899,3,1,0,1,0,12,14.3253
10.1007/bf00172219,3,1,0,1,0,135,14.1472
10.1007/978-1-4615-2814-2_4,3,1,0,1,0,95,14.2024
10.1126/science.1887231,3,1,0,1,0,217,14.0425
10.2307/1936663,3,1,0,1,0,166,14.1063
10.2307/1938384,3,1,0,1,0,80,14.2238
10.2307/1938299,3,1,0,1,0,17,14.3176
10.1038/275027a0,3,2,0,2,0,464,7.0625
10.1073/pnas.72.2.710,3,1,0,1,0,120,14.1676
10.1007/bf00218409,3,1,0,1,0,52,14.2647
10.1007/bf00217108,3,1,0,1,0,65,14.2456
10.1523/jneurosci.15-01-00342.1995,3,1,0,1,0,140,14.1405
10.1523/jneurosci.13-03-00900.1993,3,1,0,1,0,967,13.3555
10.1109/tsmc.1983.6313077,3,3,0,3,0,2123,9.7404
10.1016/0006-8993(92)90110-u,3,1,0,1,0,215,14.0149
10.1016/0306-4522(89)90354-0,3,1,0,1,0,497,13.7402
10.1523/jneurosci.03-08-01599.1983,3,1,0,1,0,191,14.0447
10.1016/0896-6273(93)90304-a,3,1,0,1,0,374,13.8428
10.1016/0306-4522(89)90353-9,3,1,0,1,0,348,13.8679
10.1016/0006-8993(87)90988-7,3,1,0,1,0,134,14.1193
10.1038/scientificamerican1269-98,3,1,0,1,0,124,14.133
10.1016/s0079-6123(08)63818-2,3,1,0,1,0,99,14.1678
10.1152/physrev.1992.72.1.165,3,1,0,1,0,2069,15.939
10.1016/s0079-6123(08)63837-6,3,1,0,1,0,54,14.2332
10.1016/0006-8993(91)90140-q,3,1,0,1,0,28,14.2724
10.1152/jn.1992.67.1.145,3,1,0,1,0,742,13.5192
10.1002/cne.902140206,3,1,0,1,0,1682,14.1208
10.1016/0006-8993(89)90210-2,3,1,0,1,0,121,14.1371
10.1016/0014-4886(76)90089-3,3,1,0,1,0,169,14.0728
10.1016/s0079-6123(08)63051-4,3,1,0,1,0,10,14.3002
10.1016/0165-0173(87)90011-7,3,2,0,2,0,810,7.8799
10.1016/0091-3057(83)90261-7,3,1,0,1,0,69,14.1336
10.1016/0006-8993(81)90177-3,3,1,0,1,0,70,14.1321
10.1007/bf00421062,3,1,0,1,0,280,13.8568
10.1016/0006-8993(75)90233-4,3,1,0,1,0,1493,14.445
10.1016/0014-2999(76)90352-6,3,1,0,1,0,590,13.332
10.1007/bf00426456,3,1,0,1,0,117,14.064
10.1016/0091-3057(85)90574-x,3,1,0,1,0,78,14.1202
10.1037/h0058775,3,1,0,1,0,2152,18.2482
10.1016/0022-3956(71)90033-1,3,1,0,1,0,49,14.1637
10.1016/0006-8993(77)91015-0,3,1,0,1,0,16,14.2148
10.1037/h0040694,3,2,0,2,0,182,11.3607
10.3758/bf03326894,3,1,0,1,0,16,14.2148
10.1016/0091-3057(84)90104-7,3,1,0,1,0,124,14.0542
10.1016/0006-8993(89)91400-5,3,1,0,1,0,63,14.1425
10.1126/science.1114313,3,1,0,1,0,435,13.655
10.1007/bf00428151,3,1,0,1,0,439,13.6453
10.1016/0304-3940(87)90451-4,3,1,0,1,0,231,13.9143
10.1016/0091-3057(89)90019-1,3,1,0,1,0,104,14.0825
10.1097/00008877-199000140-00009,3,1,0,1,0,156,14.0103
10.1016/0091-3057(80)90166-5,3,2,0,2,0,573,11.0583
10.1016/0091-3057(75)90091-x,3,1,0,1,0,13,14.3278
10.1037/0735-7044.104.1.177,3,1,0,1,0,207,14.0589
10.1016/0091-3057(86)90092-4,3,1,0,1,0,61,14.2555
10.1016/0091-3057(74)90085-9,3,1,0,1,0,127,14.1622
10.1016/0091-3057(76)90205-7,3,1,0,1,0,20,14.317
10.1037/h0083703,3,1,0,1,0,107,14.1897
10.1523/jneurosci.09-10-03400.1989,3,1,0,1,0,149,14.1327
10.1038/266556a0,3,1,0,1,0,391,13.8629
10.1007/bf00433088,3,2,0,2,0,29,11.5224
10.1016/0014-2999(90)90540-m,3,1,0,1,0,34,14.2957
10.1037/h0036330,3,3,0,3,0,419,10.422
10.1037/h0033120,3,2,0,2,0,714,6.7238
10.1016/0006-8993(87)91327-8,3,1,0,1,0,105,14.1925
10.1007/978-1-4612-4812-5_14,3,1,0,1,0,25,14.3094
10.1016/0165-0270(80)90016-3,3,1,0,1,0,56,14.2628
10.1016/0024-3205(81)90148-x,3,1,0,1,0,416,13.8409
10.1126/science.6324347,3,1,0,1,0,213,14.0516
10.1016/0006-8993(81)90962-8,3,1,0,1,0,15,14.3247
10.1016/0006-8993(83)91232-5,3,1,0,1,0,79,14.2293
10.1111/j.1471-4159.1989.tb09224.x,3,2,0,2,0,926,7.7802
10.1016/0304-3940(90)90141-u,3,1,0,1,0,101,14.4473
10.1111/j.1471-4159.1992.tb10033.x,3,1,0,1,0,178,14.3499
10.1097/00008877-199410000-00001,3,1,0,1,0,82,14.4728
10.1007/bf00442800,3,1,0,1,0,169,14.3608
10.1016/0014-2999(91)90214-b,3,1,0,1,0,112,14.4328
10.1097/00008877-199308000-00009,3,1,0,1,0,16,14.566
10.1016/0006-8993(89)90251-5,3,1,0,1,0,121,14.4211
10.1146/annurev.ne.09.030186.002041,3,2,0,2,0,6642,51.6743
10.1016/0306-4522(88)90217-5,3,1,0,1,0,1019,13.9612
10.1016/0091-3057(85)90014-0,3,1,0,1,0,63,14.4989
10.1126/science.7188649,3,1,0,1,0,445,14.0902
10.1016/0091-3057(85)90372-7,3,1,0,1,0,61,14.5017
10.1007/bf00429279,3,1,0,1,0,104,14.4433
10.1111/j.1476-5381.1972.tb06866.x,3,1,0,1,0,368,14.1525
10.1016/0028-3908(75)90129-x,3,1,0,1,0,74,14.4837
10.1016/0031-9384(86)90409-9,3,1,0,1,0,40,14.5313
10.1016/0091-3057(89)90298-0,3,1,0,1,0,20,14.5601
10.1038/npp.1993.3,3,1,0,1,0,40,14.5313
10.1007/bf02244208,3,1,0,1,0,281,14.2352
10.1016/0014-2999(70)90006-3,3,2,0,2,0,890,8.0287
10.1016/0006-8993(70)90186-1,3,1,0,1,0,113,7.5503
10.1016/0006-2952(73)90147-0,3,1,0,1,0,130,7.5254
10.1111/j.1476-5381.1971.tb07177.x,3,1,0,1,0,67,7.622
10.1016/0006-8993(74)90647-7,3,2,0,2,0,76,11.1352
10.1016/0006-8993(72)90734-2,3,2,0,2,0,218,10.9391
10.1016/0006-8993(72)90735-4,3,2,0,2,0,186,10.9795
10.1016/0024-3205(66)90006-3,3,2,0,2,0,50,11.1756
10.1007/bf00403900,3,1,0,1,0,831,7.0992
10.1111/j.1476-5381.1973.tb08194.x,3,1,0,1,0,100,7.5699
10.1016/0028-3908(73)90120-2,3,1,0,1,0,184,7.4523
10.1007/bf00505669,3,2,0,2,0,98,11.0008
10.1126/science.179.4073.575,3,1,0,1,0,173,7.4665
10.1016/0024-3205(63)90087-0,3,1,0,1,0,71,7.6155
10.1037/h0035289,3,1,0,1,0,127,7.5297
10.1016/0006-8993(71)90182-x,3,1,0,1,0,32,7.6809
10.1016/0014-4886(74)90089-2,3,1,0,1,0,25,7.6931
10.1037/h0027655,3,2,0,2,0,177,10.9076
10.1016/0014-2999(72)90132-x,3,1,0,1,0,146,7.5028
10.1016/0006-8993(76)90078-0,3,2,0,2,0,312,13.6458
10.1111/j.1471-4159.1974.tb06061.x,3,1,0,1,0,66,14.0793
10.1038/254439a0,3,1,0,1,0,42,14.1161
10.1016/s0021-9673(01)96577-x,3,1,0,1,0,67,14.0778
10.1016/0006-8993(74)90618-0,3,1,0,1,0,233,13.7904
10.1126/science.184.4133.177,3,1,0,1,0,250,13.7455
10.1016/0006-8993(74)90947-0,3,1,0,1,0,422,13.3628
10.1152/ajplegacy.1975.229.6.1547,3,1,0,1,0,89,14.045
10.1016/0006-8993(76)90500-x,3,1,0,1,0,47,14.1084
10.1016/0361-9230(76)90110-6,3,2,0,2,0,33,14.3366
10.1016/0091-3057(76)90018-6,3,2,0,2,0,34,14.335
10.1016/0361-9230(77)90006-5,3,1,0,1,0,28,14.138
10.1016/0006-8993(76)90615-6,3,1,0,1,0,89,14.045
10.1016/0006-8993(73)90795-6,3,1,0,1,0,44,14.113
10.1016/s0091-6773(72)80218-9,3,2,0,2,0,89,14.2498
10.1037/h0030927,3,1,0,1,0,85,14.0509
10.1016/0006-8993(76)90797-6,3,1,0,1,0,29,14.1364
10.1126/science.184.4143.1243,3,1,0,1,0,706,13.1808
10.1037/h0026767,3,1,0,1,0,199,13.8838
10.1007/bf00421222,3,1,0,1,0,40,14.0793
10.1016/0091-3057(76)90200-8,3,1,0,1,0,151,13.7745
10.1016/0006-8993(69)90003-1,3,1,0,1,0,690,13.4781
10.1016/0006-8993(77)90960-x,3,1,0,1,0,90,13.9386
10.1016/0304-3940(75)90036-1,3,1,0,1,0,24,14.1046
10.1037/h0081676,3,1,0,1,0,156,13.7621
10.1016/0091-3057(74)90103-8,3,1,0,1,0,73,13.9887
10.1016/0091-3057(73)90083-x,3,1,0,1,0,25,14.103
10.1007/bf00422799,3,1,0,1,0,79,13.9708
10.1007/bf00421431,3,1,0,1,0,35,14.0871
10.1016/0006-8993(71)90272-1,3,1,0,1,0,79,14.2231
10.1016/0304-3940(77)90018-0,3,1,0,1,0,10,14.3264
10.1016/0031-9384(74)90313-8,3,1,0,1,0,108,14.1821
10.1016/0006-8993(75)90885-9,3,1,0,1,0,30,14.2956
10.1016/0006-8993(76)90007-x,3,1,0,1,0,148,14.1277
10.1016/0006-8993(77)91025-3,3,1,0,1,0,23,14.3063
10.1016/0006-8993(77)90047-6,3,2,0,2,0,65,11.5687
10.1016/0006-8993(79)90461-x,3,1,0,1,0,110,14.1793
10.1037/h0077391,3,1,0,1,0,77,14.226
10.1002/cne.901800310,3,1,0,1,0,998,13.3111
10.1016/0304-3940(78)90160-x,3,1,0,1,0,127,14.1559
10.1146/annurev.pa.18.040178.000345,3,1,0,1,0,250,14.0013
10.1007/bf00428696,3,1,0,1,0,199,14.0623
10.1037/h0077500,3,1,0,1,0,178,14.0887
10.1016/0006-8993(76)90809-x,3,1,0,1,0,259,13.991
10.1016/0091-3057(78)90361-1,3,1,0,1,0,150,14.1251
10.1007/bf00401545,3,1,0,1,0,237,8.3095
10.1007/978-1-4684-2394-5_7,3,1,0,1,0,38,8.5196
10.1016/0165-0173(79)90017-1,3,1,0,1,0,257,8.2948
10.1016/0166-2236(79)90022-5,3,1,0,1,0,44,8.5116
10.1016/s0031-6997(25)06839-5,3,1,0,1,0,396,8.226
10.1037/h0041029,3,1,0,1,0,1473,9.599
10.1016/s0091-3057(80)80033-5,3,1,0,1,0,261,8.292
10.1007/bf00403631,3,1,0,1,0,42,8.5142
10.1007/bf00492365,3,1,0,1,0,40,8.5169
10.1016/0006-8993(73)90045-0,3,1,0,1,0,81,8.4646
10.1126/science.173.4002.1103,3,1,0,1,0,1138,8.8438
10.1017/s0140525x00009869,3,1,0,1,0,360,8.2382
10.1001/archpsyc.1971.01750080089015,3,1,0,1,0,44,8.5116
10.1901/jeab.1980.34-219,3,1,0,1,0,699,8.2822
10.1126/science.7244622,3,1,0,1,0,141,8.3965
10.1016/0091-3057(81)90225-2,3,2,0,2,0,74,8.6238
10.3758/bf03335333,3,1,0,1,0,65,8.2667
10.1016/0024-3205(81)90314-3,3,1,0,1,0,44,8.2945
10.1016/0006-8993(81)90187-6,3,1,0,1,0,32,8.311
10.1016/0091-3057(78)90296-4,3,1,0,1,0,45,8.2932
10.1016/0091-3057(75)90121-5,3,1,0,1,0,19,8.3293
10.1016/0091-3057(82)90434-8,3,1,0,1,0,19,8.3293
10.1126/science.850798,3,1,0,1,0,28,8.3166
10.3758/bf03332973,3,2,0,2,0,14,11.4539
10.1111/j.1476-5381.1981.tb09967.x,3,1,0,1,0,40,8.3
10.1016/0091-3057(80)90051-9,3,1,0,1,0,68,8.2628
10.1007/bf00426515,3,1,0,1,0,43,8.2959
10.1007/bf00432132,3,2,0,2,0,101,11.3248
10.1016/0091-3057(81)90110-6,3,1,0,1,0,55,8.2798
10.1016/0091-3057(83)90290-3,3,2,0,2,0,29,11.4306
10.1017/s0140525x00059380,3,3,0,3,0,559,5.6024
10.1038/215375a0,3,1,0,1,0,31,8.3124
10.1007/bf00432676,3,1,0,1,0,131,8.172
10.1016/0014-2999(74)90109-5,3,1,0,1,0,233,8.0418
10.1016/0091-3057(81)90208-2,3,1,0,1,0,150,8.1455
10.1016/0006-8993(79)90206-3,3,1,0,1,0,96,8.2236
10.1192/bjp.137.4.379,3,1,0,1,0,164,8.1266
10.1007/bf00401511,3,1,0,1,0,65,8.2722
10.1016/0024-3205(81)90157-0,3,1,0,1,0,242,8.0318
10.1016/0014-2999(71)90121-x,3,1,0,1,0,339,7.9396
10.1001/archpsyc.1972.01750260021004,3,1,0,1,0,351,7.9303
10.1016/0091-3057(73)90091-9,3,1,0,1,0,166,8.1239
10.1126/science.566469,3,1,0,1,0,495,7.8532
10.1016/s0022-3565(25)32116-6,3,1,0,1,0,46,14.0959
10.1037/h0081662,3,1,0,1,0,373,13.4052
10.1016/0091-3057(86)90392-8,3,1,0,1,0,79,14.0456
10.1016/0091-3057(86)90117-6,3,1,0,1,0,51,14.0881
10.1016/0091-3057(81)90196-9,3,1,0,1,0,46,14.0959
10.1016/0091-3057(86)90150-4,3,1,0,1,0,20,14.1367
10.1016/0091-3057(86)90389-8,3,1,0,1,0,45,14.0974
10.1016/0091-3057(79)90299-5,3,1,0,1,0,154,13.9198
10.1016/0361-9230(89)90224-4,3,1,0,1,0,153,13.9226
10.1007/bf00432512,3,1,0,1,0,27,14.1256
10.1016/0091-3057(86)90348-5,3,1,0,1,0,11,14.1511
10.1016/0091-3057(80)90453-0,3,1,0,1,0,101,14.0131
10.1016/0006-8993(86)90598-6,3,1,0,1,0,86,14.0352
10.1007/bf00735892,3,1,0,1,0,111,13.9986
10.1007/bf00310507,3,1,0,1,0,75,14.0516
10.1007/bf00432775,3,1,0,1,0,143,13.9515
10.1038/228477a0,3,1,0,1,0,773,28.699
10.1103/revmodphys.34.135,3,1,0,1,0,58,29.5392
10.1109/tssc.1969.300225,3,2,0,2,0,214,53.5138
10.1007/bf00571695,3,1,0,1,0,20,29.5955
10.1113/jphysiol.1959.sp006308,3,2,0,2,0,3426,23.0605
10.1007/bf00288907,3,1,0,1,0,1131,28.441
10.1113/jphysiol.1969.sp008820,3,2,0,2,0,2567,18.0855
10.1098/rspb.1970.0040,3,1,0,1,0,282,29.2308
10.1007/bf00234062,3,1,0,1,0,116,6.882
10.1113/jphysiol.1964.sp007463,3,1,0,1,0,624,7.1534
10.1113/jphysiol.1962.sp006991,3,1,0,1,0,181,6.8642
10.1007/bf00234129,3,1,0,1,0,491,6.9934
10.1093/brain/49.1.1,3,1,0,1,0,130,6.8769
10.1016/0006-8993(75)90749-0,3,1,0,1,0,87,6.8949
10.1016/0006-8993(72)90344-7,3,1,0,1,0,1382,9.0129
10.1016/0006-8993(74)90607-6,3,1,0,1,0,153,6.87
10.1002/cne.901600302,3,1,0,1,0,335,6.8845
10.1016/0006-8993(67)90166-7,3,1,0,1,0,1484,9.3545
10.1016/0006-8993(73)90782-8,3,1,0,1,0,47,6.9178
10.1002/cne.901630106,3,1,0,1,0,525,7.0286
10.1113/jphysiol.1977.sp011863,3,1,0,1,0,482,6.9847
10.1002/ar.1091580313,3,1,0,1,0,36,6.9251
10.1016/0014-4886(73)90040-x,3,1,0,1,0,91,6.893
10.1002/cne.901280104,3,1,0,1,0,340,6.8866
10.1002/cne.901440106,3,1,0,1,0,251,6.8626
10.1007/bf00335403,3,1,0,1,0,97,6.8901
10.1002/cne.901390403,3,1,0,1,0,233,6.8613
10.1152/jn.1972.35.4.518,3,1,0,1,0,264,6.8643
10.1090/trans2/017/10,3,1,0,1,0,224,29.7181
10.1016/b978-0-934613-41-5.50014-3,3,3,0,3,0,104,2.6113
10.1007/bf00317987,3,3,0,3,0,19,2.6952
10.3758/bf03205056,3,2,0,2,0,51,2.4595
10.1016/0166-4328(86)90092-6,3,2,0,2,0,73,2.4093
10.21236/ada164453,3,2,0,2,0,2857,13.1642
10.21236/ad0241531,3,2,0,2,0,1111,4.7132
10.1016/s0019-9958(77)90354-0,3,3,0,3,0,103,2.5957
10.1162/neco.1989.1.1.1,3,2,0,2,0,334,39.4601
10.1145/76359.76371,3,3,0,3,0,1124,51.9477
10.1016/0004-3702(74)90027-7,3,1,0,1,0,19,2.5557
10.1016/0004-3702(88)90076-8,3,1,0,1,0,53,2.4949
10.1214/aoms/1177729586,3,3,0,3,0,6137,49.739
10.1147/rd.116.0601,3,1,0,1,0,441,2.6225
10.1137/1116025,3,3,0,3,0,2062,49.4677
10.1109/proc.1976.10286,3,1,0,1,0,1218,5.1912
10.1287/mnsc.23.8.853,3,1,0,1,0,10,2.5735
10.1023/a:1020281327116,3,1,0,1,0,1560,12.6922
10.1007/bf00992696,3,1,0,1,0,3438,31.3791
10.1109/robot.2007.363633,3,1,0,1,0,13,1.5674
10.1109/robot.2002.1014739,3,2,0,2,0,490,2.5973
10.1016/j.robot.2004.03.003,3,1,0,1,0,313,1.0891
10.1109/iros.2005.1545257,3,1,0,1,0,31,1.5256
10.1109/iros.2006.282564,3,1,0,1,0,277,1.0752
10.1016/s0079-6123(06)65027-9,3,1,0,1,0,205,1.2237
10.5040/9781492596844,3,1,0,1,0,211,1.2021
10.1109/iros.2004.1389957,3,1,0,1,0,19,1.553
10.1109/iros.1996.569012,3,1,0,1,0,45,2.0585
10.1007/3-540-64473-3_49,3,1,0,1,0,102,1.9746
10.1093/mind/lix.236.433,3,1,0,1,0,7486,68.3443
10.1109/iros.1996.568989,3,1,0,1,0,47,2.055
10.1023/a:1022699900025,3,1,0,1,0,533,2.3457
10.1007/bf00198086,3,1,0,1,0,828,6.8419
10.1126/science.3975635,3,1,0,1,0,801,6.5758
10.1007/s004220050408,3,1,0,1,0,143,0.995
10.1163/156855300x00061,3,1,0,1,0,48,1.4117
10.1007/978-1-4615-3618-5,3,1,0,1,0,273,1.5881
10.1080/00222895.1988.10735430,3,1,0,1,0,51,1.3906
10.1023/a:1006559212014,3,1,0,1,0,953,4.5511
10.1023/a:1006511328852,3,1,0,1,0,169,1.4344
10.1109/robot.2000.846414,3,1,0,1,0,55,1.5179
10.1162/jocn.1993.5.4.408,3,1,0,1,0,244,1.5017
10.1162/neco.1997.9.2.271,3,1,0,1,0,93,1.4657
10.1177/027836499301200101,3,1,0,1,0,235,1.4888
10.1002/0471781819,3,1,0,1,0,474,2.0347
10.1002/rob.4620060203,3,1,0,1,0,175,1.4362
10.1207/s15516709cog1603_1,3,1,0,1,0,776,3.2462
10.1613/jair.301,3,1,0,1,0,5324,47.3908
10.1109/tmech.2005.848290,3,1,0,1,0,97,1.4616
10.1109/jra.1987.1087068,3,1,0,1,0,2289,17.2691
10.1023/a:1015727715131,3,1,0,1,0,176,1.4366
10.1002/0471722138,3,1,0,1,0,1171,6.4648
10.1109/robot.2000.844073,3,1,0,1,0,78,1.4836
10.1017/cbo9780511665479,3,1,0,1,0,328,1.6781
10.1162/089976605774320557,3,1,0,1,0,392,1.8666
10.1023/a:1013258808932,3,1,0,1,0,54,1.5196
10.1162/089976698300017746,3,1,0,1,0,1866,9.0685
10.21236/ada280862,3,1,0,1,0,50,1.8735
10.1162/neco.1997.9.2.349,3,1,0,1,0,149,1.8665
10.1613/jair.806,3,1,0,1,0,310,2.1225
10.1613/jair.807,3,1,0,1,0,69,1.8618
10.1162/neco.2007.12-05-077,3,1,0,1,0,81,1.8569
10.1109/ijcnn.1992.287219,3,1,0,1,0,15,1.9074
10.1016/s0921-8890(97)00043-2,3,1,0,1,0,115,1.8538
10.1016/j.conb.2005.10.011,3,1,0,1,0,373,2.2941
10.1287/ijoc.14.3.192.113,3,1,0,1,0,631,3.2359
10.1145/318371.318612,3,1,0,1,0,50,1.8735
10.1145/84537.84552,3,1,0,1,0,208,1.9249
10.1163/156855307782148550,3,1,0,1,0,85,1.8558
10.1016/0893-6080(90)90056-q,3,1,0,1,0,228,1.9546
10.1007/3-540-44581-1_40,3,1,0,1,0,13,1.9098
10.1287/mnsc.45.11.1570,3,1,0,1,0,65,1.8639
10.1109/robot.2004.1307456,3,1,0,1,0,319,2.1449
10.1109/iros.2005.1545206,3,1,0,1,0,38,1.8833
10.1016/0893-6080(90)90006-7,3,1,0,1,0,266,2.6081
10.1016/0893-6080(88)90003-2,3,1,0,1,0,1296,5.982
10.1007/3-540-64473-3_74,3,1,0,1,0,15,1.652
10.1007/3-540-48422-1_28,3,1,0,1,0,34,1.617
10.1613/jair.575,3,1,0,1,0,331,1.7928
10.1613/jair.639,3,1,0,1,0,662,3.0269
10.1007/3-540-64473-3_76,3,1,0,1,0,42,1.6038
10.1002/9780470316887,3,1,0,1,0,4397,34.6484
10.1007/3-540-45324-5_40,3,1,0,1,0,27,1.6293
10.7551/mitpress/4151.001.0001,3,1,0,1,0,174,1.5294
10.1007/3-540-45603-1_22,3,1,0,1,0,13,1.6559
10.1007/3-540-45324-5_23,3,1,0,1,0,11,1.6599
10.1007/3-540-48422-1_21,3,1,0,1,0,22,1.6385
10.1016/s0004-3702(99)00052-1,3,1,0,1,0,1530,7.5593
10.1162/neco.1994.6.2.215,3,1,0,1,0,439,2.1315
10.1207/s15516709cog0901_7,3,4,0,4,0,2120,10.848
10.1038/scientificamerican0680-64,3,1,0,1,0,25,2.1148
10.1016/0893-6080(88)90023-8,3,1,0,1,0,803,4.2242
10.1007/bf00336991,3,1,0,1,0,52,2.0586
10.1038/333452a0,3,1,0,1,0,284,1.7615
10.1016/0022-2836(88)90564-5,3,2,0,2,0,916,38.1776
10.1016/s0885-2308(86)80008-0,3,2,0,2,0,62,15.7877
10.1038/323533a0,3,3,0,3,0,20872,197.1358
10.1007/978-1-4757-3437-9_17,3,1,0,1,0,26,1.5368
10.1109/afgr.2002.1004124,3,1,0,1,0,116,1.3926
10.1023/a:1008078328650,3,1,0,1,0,3628,33.2714
10.1109/iros.2000.895274,3,1,0,1,0,133,1.3805
10.1007/978-3-540-45135-8_14,3,1,0,1,0,19,1.553
10.1007/3-540-45327-x_13,3,1,0,1,0,18,1.5554
10.1109/pgec.1967.264666,3,2,0,2,0,341,53.5835
10.1109/tpami.1986.4767769,3,1,0,1,0,738,28.7682
10.1162/neco.1993.5.1.140,3,1,0,1,0,98,17.2109
10.1016/0893-6080(91)90040-c,3,1,0,1,0,55,17.2781
10.1109/18.256500,3,1,0,1,0,1967,19.2479
10.1038/355161a0,3,1,0,1,0,297,16.9209
10.1002/j.1538-7305.1948.tb01340.x,3,1,0,1,0,712,16.0304
10.1016/0893-6080(89)90014-2,3,2,0,2,0,896,21.212
10.1007/978-3-642-49207-5,3,1,0,1,0,44,17.2957
10.1007/978-1-4757-2249-9,3,1,0,1,0,518,16.3505
10.1007/978-1-4612-0877-8,3,1,0,1,0,170,17.1038
10.1162/neco.1994.6.4.696,3,1,0,1,0,10,17.3511
10.1109/18.42184,3,1,0,1,0,58,17.2733
10.1109/tit.1979.1056067,3,1,0,1,0,687,16.0589
10.1080/01621459.1989.10478797,3,4,0,4,0,817,32.1114
10.1126/science.7761831,3,2,0,2,0,567,30.6869
10.1162/neco.1994.6.6.1262,3,1,0,1,0,118,17.1804
10.1017/9781139171809,3,1,0,1,0,35,17.3102
10.1109/18.256488,3,1,0,1,0,70,17.2544
10.1088/0954-898x_4_4_001,3,1,0,1,0,64,17.2638
10.1007/bf00332918,3,1,0,1,0,920,25.5961
10.2307/2289282,3,1,0,1,0,527,25.9129
10.1109/83.465101,3,1,0,1,0,65,26.4707
10.1109/t-c.1971.223208,3,1,0,1,0,241,26.2352
10.1016/0893-6080(89)90003-8,3,2,0,2,0,3191,48.7689
10.1103/physreva.41.5325,3,1,0,1,0,27,26.5251
10.1002/aic.690370209,3,3,0,3,0,2283,37.6133
10.1007/bf00275687,3,1,0,1,0,1771,25.4306
10.1142/s0129065789000475,3,1,0,1,0,660,25.7891
10.1162/neco.1994.6.5.916,3,1,0,1,0,36,26.5121
10.1209/0295-5075/10/7/015,3,1,0,1,0,175,26.3203
10.1109/tassp.1985.1164557,3,1,0,1,0,2735,25.1794
10.1162/neco.1993.5.3.363,3,1,0,1,0,12,26.547
10.1109/34.993558,3,1,0,1,0,4789,50.0966
10.1023/a:1012454411458,3,1,0,1,0,350,44.7808
10.1006/inco.1995.1136,3,1,0,1,0,1156,44.9723
10.2307/2287576,3,1,0,1,0,315,44.7809
10.1162/089976602760128018,3,1,0,1,0,3081,46.8735
10.1364/josaa.20.001434,3,1,0,1,0,1059,44.9299
10.1109/34.982899,3,1,0,1,0,37,44.8056
10.1016/0004-3702(92)90065-6,3,1,0,1,0,238,44.7833
10.1109/tip.2005.852470,3,1,0,1,0,207,44.7852
10.1016/0893-6080(89)90044-0,3,1,0,1,0,1183,44.9851
10.1162/jmlr.2003.4.7-8.1235,3,1,0,1,0,18,44.8089
10.1007/bf02293745,3,1,0,1,0,684,43.2236
10.1007/978-3-662-00784-6,3,1,0,1,0,1514,43.5285
10.1162/089976698300017953,3,2,0,2,0,933,42.5865
10.1016/s0031-3203(99)00078-3,3,1,0,1,0,33,43.2669
10.1016/0893-6080(94)90109-0,3,1,0,1,0,611,43.216
10.1126/science.272.5270.1905,3,2,0,2,0,195,22.9603
10.1137/1.9780898719581,3,1,0,1,0,575,43.2135
10.1038/44565,3,1,0,1,0,10419,66.1868
10.1137/1.9781611970265,3,1,0,1,0,1058,43.3113
10.1126/science.1598577,3,1,0,1,0,448,41.5619
10.1126/science.210.4468.390,3,1,0,1,0,514,41.5564
10.1162/jocn.1991.3.1.71,3,1,0,1,0,9997,62.9364
10.1007/bf01421486,3,1,0,1,0,1381,41.7304
10.1126/science.1908118,3,1,0,1,0,103,41.6342
10.1121/1.395916,3,1,0,1,0,149,41.6203
10.1121/1.1912239,3,1,0,1,0,80,41.6415
10.1126/science.1857964,3,1,0,1,0,535,41.5551
10.1126/science.269.5224.676,3,1,0,1,0,6056,49.7768
10.1046/j.1365-8711.1998.01596.x,3,1,0,1,0,105,41.6335
10.1126/science.356262,3,1,0,1,0,403,41.5672
10.1038/326689a0,3,1,0,1,0,642,41.5532
10.1007/978-3-662-00784-6_5,3,1,0,1,0,18,41.663
10.1016/0165-1684(94)90029-9,3,1,0,1,0,6062,49.7934
10.1162/neco.1995.7.6.1129,3,1,0,1,0,7025,52.6239
10.1126/science.1251207,3,1,0,1,0,161,41.6169
10.1098/rspb.1978.0020,3,1,0,1,0,1255,5.9924
10.1145/356924.356930,3,1,0,1,0,1541,7.364
10.1016/0004-3702(81)90025-4,3,1,0,1,0,223,2.0877
10.1145/356869.356871,3,1,0,1,0,155,2.0444
10.1115/1.3426923,3,1,0,1,0,539,2.8761
10.1115/1.3426922,3,1,0,1,0,1621,7.7522
10.1109/2.29,3,1,0,1,0,336,2.2749
10.3138/9781487576752,3,1,0,1,0,188,2.0584
10.1016/0025-5564(71)90051-4,3,1,0,1,0,2024,9.3957
10.1016/0004-3702(87)90050-6,3,1,0,1,0,1382,6.5978
10.1145/356810.356816,3,1,0,1,0,838,4.0799
10.1016/b978-1-55860-092-8.50012-5,3,1,0,1,0,57,2.0821
10.1016/s0921-8890(05)80030-2,3,1,0,1,0,66,2.0737
10.1037/11494-000,3,1,0,1,0,4694,30.063
10.1016/0025-5564(79)90063-4,3,1,0,1,0,115,2.0455
10.1007/978-94-009-7758-7,3,1,0,1,0,590,3.0625
10.1037/h0029767,3,1,0,1,0,62,1.7049
10.1037/0003-066x.38.2.175,3,1,0,1,0,55,1.7184
10.1002/j.1556-6676.1985.tb01015.x,3,1,0,1,0,11,1.8166
10.1146/annurev.ps.37.020186.000245,3,1,0,1,0,171,1.309
10.1037/0033-2909.93.1.179,3,1,0,1,0,416,2.1703
10.1037/0021-9010.72.3.457,3,1,0,1,0,62,1.7049
10.1037/0003-066x.35.11.1012,3,1,0,1,0,479,2.7217
10.1037/0003-066x.36.10.1181,3,1,0,1,0,70,1.6903
10.1146/annurev.ps.29.020178.001143,3,1,0,1,0,54,1.7204
10.1007/bf02084158,3,1,0,1,0,1391,9.0825
10.1109/tit.1974.1055172,3,1,0,1,0,114,1.9619
10.1145/321832.321839,3,1,0,1,0,130,1.9464
10.1038/scientificamerican0575-47,3,1,0,1,0,446,1.9164
10.1145/321892.321894,3,3,0,3,0,527,1.9984
10.1147/rd.214.0350,3,1,0,1,0,223,1.9214
10.1002/cpa.3160310407,3,1,0,1,0,23,2.1079
10.1090/pspum/028.2/0432534,3,1,0,1,0,170,1.9217
10.1007/978-1-4613-9435-8_10,3,1,0,1,0,33,2.0874
10.1038/scientificamerican1179-20,3,1,0,1,0,32,2.0894
10.1080/00029890.1982.11995373,3,1,0,1,0,23,2.1079
10.1037/0003-066x.51.2.77,3,2,0,2,0,1644,7.3139
10.1037/h0038215,3,1,0,1,0,15,2.3642
10.1037/0003-066x.42.2.137,3,1,0,1,0,152,2.3245
10.1037/0033-2909.102.1.3,3,1,0,1,0,409,3.0759
10.1016/0001-8791(86)90017-5,3,1,0,1,0,27,2.6158
10.1111/j.1744-6570.1991.tb00688.x,3,1,0,1,0,5106,26.1483
10.1037/0021-9010.78.3.443,3,1,0,1,0,76,2.6008
10.1037/0021-9010.80.1.168,3,1,0,1,0,164,2.6323
10.1037/0021-9010.76.6.863,3,1,0,1,0,115,2.6055
10.5465/amr.1988.4306775,3,1,0,1,0,1038,5.4706
10.1016/s0160-2896(97)90012-x,3,1,0,1,0,99,2.6017
10.1037/0003-066x.50.11.928,3,1,0,1,0,253,2.7379
10.1037/0096-3445.115.3.255,3,1,0,1,0,160,2.6293
10.1016/s0160-2896(97)90017-9,3,1,0,1,0,65,2.6021
10.1037/0021-9010.65.6.697,3,1,0,1,0,36,2.6113
10.1016/0001-8791(86)90008-4,3,1,0,1,0,55,2.6044
10.1016/0001-8791(84)90018-6,3,1,0,1,0,21,2.6193
10.1037/0021-9010.68.4.602,3,1,0,1,0,36,2.6113
10.1016/0001-8791(86)90013-8,3,1,0,1,0,596,3.6669
10.1037/0033-2909.96.1.72,3,1,0,1,0,1175,6.0869
10.1037/0021-9010.75.1.28,3,1,0,1,0,205,2.6722
10.1017/s0140525x0000577x,3,1,0,1,0,12,1.8831
10.1017/s0140525x00001515,3,1,0,1,0,2016,13.764
10.1017/s0140525x00059859,3,1,0,1,0,110,1.7263
10.1017/s0140525x00058611,3,1,0,1,0,320,1.8469
10.1017/s0140525x00001771,3,1,0,1,0,760,3.0615
10.1017/s0140525x0001921x,3,1,0,1,0,449,2.1878
10.1093/brain/88.2.237,3,1,0,1,0,2372,17.2397
10.1111/j.1749-6632.1976.tb25468.x,3,1,0,1,0,14,1.8787
10.1017/s0140525x00013959,3,1,0,1,0,75,1.7681
10.1017/s0031819100057983,3,1,0,1,0,375,1.9733
10.1109/18.720554,3,1,0,1,0,671,3.6663
10.1016/s0019-9958(75)90261-2,3,1,0,1,0,485,2.0507
10.1007/978-94-010-3578-1,3,1,0,1,0,25,1.7976
10.1007/978-3-642-67075-6,3,1,0,1,0,210,1.5494
10.1016/s0019-9958(67)91165-5,3,1,0,1,0,2322,19.9143
10.2307/2183532,3,1,0,1,0,781,4.7051
10.1145/141420.141422,3,1,0,1,0,57,1.7312
10.1007/978-1-4757-2606-0,3,2,0,2,0,1080,7.9703
10.1126/science.283.5398.77,3,1,0,1,0,749,4.4
10.1109/18.481776,3,1,0,1,0,559,2.6566
10.1016/s0022-0000(73)80030-3,3,1,0,1,0,178,1.6064
10.1109/18.144706,3,1,0,1,0,247,1.3397
10.1016/s0893-6080(96)00127-x,3,1,0,1,0,89,1.5342
10.1016/s0019-9958(64)90223-2,3,2,0,2,0,1007,7.2537
10.1109/tit.1978.1055913,3,2,0,2,0,220,1.485
10.1023/a:1007383707642,3,1,0,1,0,102,1.4562
10.1111/j.2517-6161.1979.tb01066.x,3,1,0,1,0,782,4.7146
10.1109/18.54897,3,1,0,1,0,296,1.3358
10.1109/tit.2005.844059,3,1,0,1,0,771,4.6095
10.2307/2981683,3,1,0,1,0,735,4.2672
10.1016/0304-3975(83)90139-1,3,1,0,1,0,44,1.7567
10.1006/jcss.2000.1743,3,1,0,1,0,16,1.8184
10.1109/tit.2003.814488,3,1,0,1,0,19,1.8114
10.1109/18.651051,3,1,0,1,0,33,1.7799
10.1080/01621459.1996.10477003,3,1,0,1,0,695,3.8903
10.1109/tit.1976.1055501,3,1,0,1,0,2125,17.9561
10.1109/18.720534,3,1,0,1,0,284,1.3459
10.1214/aos/1176346150,3,1,0,1,0,1096,7.7673
10.1142/s0129054102001291,3,1,0,1,0,50,1.7446
10.1023/b:mach.0000015880.99707.b2,3,1,0,1,0,71,1.7061
10.1109/acv.1994.341300,3,1,0,1,0,1315,78.01
10.1109/cvpr.1994.323814,3,1,0,1,0,1116,78.2023
10.1117/12.191877,3,1,0,1,0,84,79.3957
10.1016/0031-3203(94)90081-7,3,1,0,1,0,67,79.4181
10.1007/bf00239352,3,2,0,2,0,940,39.6568
10.1007/3-540-60268-2_326,3,1,0,1,0,25,79.4737
10.1162/neco.1994.6.6.1289,3,1,0,1,0,250,79.1819
10.1162/neco.1995.7.5.867,3,1,0,1,0,252,79.1794
10.1109/5.58325,3,1,0,1,0,6148,77.2895
10.1016/0031-3203(94)90031-0,3,1,0,1,0,81,79.3996
10.1109/34.254061,3,2,0,2,0,1711,39.6503
10.1109/6.259484,3,1,0,1,0,221,79.2186
10.1109/icpr.1994.576879,3,1,0,1,0,345,79.0633
10.1109/5.381842,3,1,0,1,0,1706,77.6684
10.1109/tassp.1987.1165110,3,1,0,1,0,44,79.4484
10.1109/72.143371,3,1,0,1,0,255,79.1756
10.1109/cvpr.1996.517076,3,1,0,1,0,123,79.3447
10.1109/dcc.1993.253111,3,1,0,1,0,53,79.4365
10.1007/978-3-642-97610-0,3,1,0,1,0,3740,76.6882
10.1109/72.125866,3,1,0,1,0,119,77.0008
10.1016/0031-3203(91)90081-f,3,1,0,1,0,114,77.008
10.1162/neco.1989.1.4.541,3,3,0,3,0,8548,92.7448
10.1109/34.57669,3,1,0,1,0,592,76.0379
10.1016/0031-3203(86)90025-7,3,2,0,2,0,93,77.2948
10.1016/0262-8856(87)90071-0,3,1,0,1,0,24,77.0745
10.1002/j.1538-7305.1983.tb03115.x,3,1,0,1,0,215,93.2755
10.1016/0167-6393(88)90053-2,3,1,0,1,0,70,93.3775
10.1109/icassp.1987.1169727,3,1,0,1,0,12,93.4199
10.1109/icassp.1986.1169179,3,1,0,1,0,415,93.144
10.1016/s0885-2308(86)80009-2,3,1,0,1,0,305,93.215
10.1109/icassp.1985.1168283,3,1,0,1,0,102,93.3546
10.1002/j.1538-7305.1985.tb00274.x,3,1,0,1,0,52,93.3906
10.1002/j.1538-7305.1985.tb00439.x,3,1,0,1,0,230,93.2653
10.1109/tassp.1985.1164586,3,1,0,1,0,65,93.3811
10.1016/s0885-2308(86)80021-3,3,1,0,1,0,30,93.4066
10.1109/tassp.1985.1164727,3,1,0,1,0,202,93.2844
10.1109/icassp.1987.1169604,3,1,0,1,0,21,93.4132
10.1109/icassp.1982.1171633,3,1,0,1,0,105,93.3523
10.1109/icassp.1987.1169731,3,1,0,1,0,10,93.4213
10.1109/icassp.1987.1169748,3,1,0,1,0,89,93.3638
10.1109/icassp.1985.1168477,3,1,0,1,0,126,93.3374
10.1090/s0002-9904-1967-11751-8,3,1,0,1,0,679,92.9871
10.1214/aoms/1177699147,3,1,0,1,0,1803,92.53
10.1109/proc.1973.9030,3,1,0,1,0,4037,92.6489
10.1007/bf00133697,3,1,0,1,0,31,77.0724
10.1109/2.144438,3,1,0,1,0,39,77.0607
10.1007/bf01212455,3,1,0,1,0,158,76.8286
10.1109/tsmc.1979.4310076,3,1,0,1,0,30760,294.2821
10.1109/icpr.1990.118197,3,1,0,1,0,10,77.1031
10.1016/0734-189x(89)90116-3,3,1,0,1,0,146,76.8594
10.1145/357423.357428,3,1,0,1,0,37,77.0636
10.1109/cvpr.1992.223205,3,1,0,1,0,14,77.0972
10.1142/s0218001491000156,3,2,0,2,0,33,77.3859
10.1109/21.105083,3,1,0,1,0,28,77.3241
10.1016/0165-1684(86)90001-0,3,1,0,1,0,38,77.3096
10.1016/0165-1684(91)90050-s,3,1,0,1,0,14,77.3444
10.1142/9789814434362_0011,3,1,0,1,0,12,77.3473
10.1016/0031-3203(86)90027-0,3,1,0,1,0,28,77.3241
10.1016/0031-3203(88)90017-9,3,1,0,1,0,35,77.314
10.1109/34.62612,3,1,0,1,0,13,77.3459
10.1007/bf01215877,3,1,0,1,0,29,77.3227
10.1016/0031-3203(80)90043-6,3,1,0,1,0,59,77.2794
10.1142/s0218001487000023,3,1,0,1,0,44,77.301
10.1016/0165-1684(82)90021-4,3,1,0,1,0,29,77.3227
10.1016/0031-3203(70)90029-4,3,1,0,1,0,12,77.3473
10.1016/0031-3203(88)90041-6,3,1,0,1,0,42,77.3039
10.1109/tsmc.1977.4309763,3,1,0,1,0,69,77.265
10.1109/proc.1980.11675,3,1,0,1,0,175,77.1146
10.1016/0031-3203(88)90068-4,3,1,0,1,0,105,77.2135
10.1109/icpr.1990.118143,3,1,0,1,0,41,77.3053
10.1111/j.1469-1809.1936.tb02137.x,3,1,0,1,0,10137,94.5312
10.4153/cjm-1954-037-2,3,1,0,1,0,383,77.0919
10.1109/pgec.1965.264207,3,1,0,1,0,144,77.4174
10.1109/tssc.1966.300080,3,1,0,1,0,31,77.5773
10.1109/nnsp.1991.239512,3,1,0,1,0,105,77.4721
10.1109/nnsp.1991.239540,3,1,0,1,0,24,77.5873
10.1109/tassp.1987.1165237,3,1,0,1,0,150,77.409
10.1109/massp.1987.1165576,3,2,0,2,0,5218,80.7857
10.1109/jrproc.1961.287776,3,1,0,1,0,40,77.5644
10.1109/icnn.1988.23829,3,1,0,1,0,295,77.2097
10.1109/jrproc.1962.288194,3,1,0,1,0,89,77.4947
10.1109/29.1598,3,1,0,1,0,183,77.3631
10.1016/0022-0000(80)90041-0,3,1,0,1,0,384,78.8465
10.1016/0022-0000(79)90045-x,3,1,0,1,0,365,78.8699
10.1016/0020-0190(87)90114-1,3,1,0,1,0,660,78.5182
10.1016/0890-5401(89)90001-1,3,1,0,1,0,89,79.2229
10.1016/b978-0-08-094829-4.50028-3,3,1,0,1,0,24,79.3093
10.1080/01621459.1963.10500830,3,1,0,1,0,4253,76.4576
10.1145/28395.28426,3,1,0,1,0,133,79.1651
10.1145/73007.73049,3,1,0,1,0,136,79.1611
10.1145/48014.63140,3,1,0,1,0,331,78.9122
10.1145/1968.1972,3,3,0,3,0,3103,79.4321
10.2307/2282952,3,1,0,1,0,672,76.554
10.1162/neco.1991.3.1.79,3,1,0,1,0,3085,73.1294
10.1162/neco.1989.1.2.281,3,1,0,1,0,3256,73.0578
10.1162/neco.1989.1.1.151,3,3,0,3,0,1087,79.9438
10.1109/37.1866,3,1,0,1,0,100,87.8817
10.1145/12130.12158,3,1,0,1,0,75,87.9047
10.5802/aif.474,3,1,0,1,0,96,87.8853
10.1109/ijcnn.1989.118639,3,1,0,1,0,96,87.8853
10.1137/0905013,3,1,0,1,0,101,87.8808
10.1109/29.1651,3,1,0,1,0,335,87.6738
10.1214/aos/1176349519,3,1,0,1,0,1069,87.1248
10.1090/pspum/028.2/0507425,3,1,0,1,0,43,87.9345
10.1007/bf00336857,3,1,0,1,0,83,87.8974
10.1109/tc.1977.1674755,3,1,0,1,0,20,38.9939
10.1145/356643.356645,3,1,0,1,0,141,38.7268
10.1109/t-c.1974.223971,3,1,0,1,0,71,38.9175
10.1147/rd.194.0398,3,1,0,1,0,21,38.9924
10.1016/0031-3203(76)90027-3,3,1,0,1,0,39,38.9653
10.1109/tit.1967.1054060,3,1,0,1,0,90,38.8674
10.1162/neco.1993.5.2.278,3,1,0,1,0,55,77.2881
10.1016/0047-259x(82)90083-5,3,1,0,1,0,43,77.3054
10.1038/331679a0,3,1,0,1,0,879,76.3074
10.1038/340468a0,3,1,0,1,0,39,77.4079
10.1109/5.58326,3,2,0,2,0,2328,37.1192
10.1016/0885-064x(88)90019-2,3,1,0,1,0,123,77.2881
10.1162/neco.1989.1.3.312,3,1,0,1,0,103,77.3164
10.1109/34.3915,3,1,0,1,0,108,77.3094
10.1209/0295-5075/4/10/020,3,1,0,1,0,58,77.3806
10.1109/5.58339,3,1,0,1,0,159,77.2374
10.1051/jphys:01989005002012100,3,1,0,1,0,24,77.4295
10.1209/0295-5075/11/7/018,3,1,0,1,0,54,77.3864
10.1088/0305-4470/22/12/004,3,1,0,1,0,135,77.2712
10.1103/physrevlett.64.2957,3,1,0,1,0,61,77.3763
10.1162/neco.1990.2.3.374,3,1,0,1,0,55,77.3849
10.1126/science.3175664,3,1,0,1,0,29,77.4223
10.1109/tac.1982.1102980,3,1,0,1,0,136,2.4152
10.1287/moor.16.3.580,3,1,0,1,0,289,2.4318
10.1007/978-1-4684-9352-8,3,3,0,3,0,914,4.579
10.1080/17442508708833475,3,1,0,1,0,39,2.5295
10.1137/0325070,3,1,0,1,0,104,2.4427
10.1109/tac.1987.1104684,3,1,0,1,0,17,2.5677
10.1109/tac.1986.1104412,3,1,0,1,0,1445,6.5644
10.1162/neco.1992.4.1.1,3,1,0,1,0,2450,20.4083
10.2307/2002797,3,2,0,2,0,104,2.5924
10.1090/qam/102435,3,1,0,1,0,1784,11.3573
10.1214/aoms/1177700285,3,2,0,2,0,604,3.4694
10.1007/bf00992701,3,3,0,3,0,120,3.3375
10.1007/bf00992699,3,2,0,2,0,791,5.8717
10.1007/bf00993308,3,1,0,1,0,29,2.3771
10.1109/ijcnn.1990.137821,3,1,0,1,0,29,2.3771
10.1162/neco.1991.3.2.226,3,1,0,1,0,102,1.9626
10.1109/21.229449,3,1,0,1,0,28,2.3817
10.1023/a:1022632907294,3,1,0,1,0,47,2.3458
10.1162/neco.1993.5.4.613,3,1,0,1,0,447,2.4872
10.1023/a:1022628806385,3,1,0,1,0,74,2.3007
10.1109/5.58338,3,1,0,1,0,242,2.1956
10.1002/9780470316511,3,1,0,1,0,1646,7.8196
10.1016/b978-1-55860-377-6.50072-4,3,1,0,1,0,41,2.3568
10.1016/b978-1-55860-307-3.50047-2,3,1,0,1,0,42,2.3549
10.1023/a:1022624705476,3,1,0,1,0,38,2.3624
10.2307/2002546,3,1,0,1,0,44,2.3513
10.1162/evco.1995.3.2.149,3,1,0,1,0,1076,4.5517
10.1515/9781400874651,3,1,0,1,0,1582,12.2933
10.1109/21.21595,3,1,0,1,0,23,12.4598
10.1002/aic.690390108,3,1,0,1,0,202,2.1244
10.1016/0004-3702(94)00011-o,3,2,0,2,0,498,3.4719
10.1109/9.24227,3,1,0,1,0,94,2.2158
10.1016/0004-3702(87)90051-8,3,1,0,1,0,178,2.1331
10.1016/0022-247x(85)90317-8,3,1,0,1,0,198,2.1254
10.1287/moor.3.3.231,3,1,0,1,0,133,2.1675
10.1007/bf01668327,3,1,0,1,0,118,7.7336
10.1159/000140010,3,1,0,1,0,100,7.7611
10.1146/annurev.ph.18.030156.002043,3,1,0,1,0,20,7.8946
10.1001/archneurpsyc.1939.02270240017001,3,1,0,1,0,1184,7.9972
10.1016/0013-4694(52)90073-4,3,1,0,1,0,535,7.3862
10.1037/h0054728,3,1,0,1,0,107,7.7503
10.1111/j.1749-6632.1954.tb54849.x,3,1,0,1,0,132,7.7129
10.3171/jns.1954.11.1.0064,3,2,0,2,0,141,3.9881
10.1176/ajp.107.10.730,3,1,0,1,0,34,7.8699
10.1136/jnnp.15.2.79,3,1,0,1,0,64,7.8189
10.1212/wnl.5.6.373,3,1,0,1,0,316,7.4976
10.1080/00223980.1945.9917223,3,1,0,1,0,2063,10.5263
10.1136/jnnp.17.2.115,3,1,0,1,0,113,7.7412
10.1146/annurev.psych.55.090902.142050,3,2,0,2,0,1301,6.5553
10.1146/annurev.psych.53.100901.135114,3,1,0,1,0,3188,16.716
10.1016/s0149-7634(01)00034-3,3,1,0,1,0,26,2.0798
10.1098/rstb.2001.0941,3,1,0,1,0,67,2.0369
10.1098/rstb.2001.0942,3,1,0,1,0,73,2.0324
10.1093/brain/124.4.647,3,1,0,1,0,84,2.0251
10.1016/s0896-6273(02)00830-9,3,3,0,3,0,1881,8.9631
10.1073/pnas.93.24.13523,3,1,0,1,0,30,2.0748
10.1002/1098-1063(2000)10:4<352::aid-hipo2>3.0.co;2-d,3,1,0,1,0,379,2.367
10.1038/80671,3,1,0,1,0,679,3.4153
10.1016/s0028-3932(01)00213-5,3,1,0,1,0,77,2.0295
10.1006/jmla.2002.2864,3,1,0,1,0,2715,13.4376
10.1038/79867,3,1,0,1,0,222,2.0623
10.1016/s0166-4328(01)00363-1,3,1,0,1,0,118,2.0121
10.1016/j.neuropsychologia.2005.01.001,3,1,0,1,0,208,2.0478
10.1523/jneurosci.20-15-05853.2000,3,1,0,1,0,189,2.0319
10.1002/hipo.10140,3,1,0,1,0,48,2.0544
10.1016/s0028-3932(00)00103-2,3,2,0,2,0,157,2.6965
10.1016/0014-4886(76)90055-8,3,1,0,1,0,1437,8.1619
10.1016/0014-4886(78)90096-1,3,1,0,2,0,204,6.1932
10.1016/0006-8993(78)90930-7,3,1,0,1,0,629,6.3123
10.1126/science.663646,3,1,0,1,0,701,6.3941
10.1037/h0077579,3,1,0,1,0,1685,9.027
10.1016/0023-9690(81)90020-5,3,1,0,1,0,2054,10.4591
10.1037/h0077638,3,1,0,1,0,64,6.39
10.1016/0031-9384(80)90109-2,3,1,0,1,0,12,6.4605
10.1007/bf00236646,3,1,0,1,0,120,6.3253
10.1126/science.168.3927.147,3,1,0,1,0,176,6.2727
10.1037/h0037649,3,2,0,2,0,424,3.3169
10.1038/273297a0,3,1,0,1,0,863,6.6473
10.1017/s0140525x00062713,3,1,0,1,0,1546,8.5303
10.1016/0028-3932(79)90042-3,3,1,0,1,0,697,6.3891
10.1162/jocn.1994.6.4.305,3,1,0,1,0,342,2.6234
10.1126/science.277.5324.376,3,1,0,1,0,1245,5.8638
10.1017/cbo9780511526817,3,1,0,1,0,1994,9.1556
10.1006/nlme.1998.3865,3,1,0,1,0,90,2.5692
10.1098/rstb.1997.0136,3,1,0,1,0,269,2.5434
10.1016/0028-3908(95)00099-r,3,1,0,1,0,52,2.615
10.1016/s0028-3908(98)00139-7,3,1,0,1,0,291,2.5622
10.1126/science.2899909,3,1,0,1,0,970,4.6499
10.1016/0163-1047(93)90664-4,3,1,0,1,0,879,4.2713
10.1111/j.1471-4159.1977.tb10649.x,3,1,0,1,0,4984,34.7767
10.1016/0006-8993(94)91809-0,3,1,0,1,0,29,2.6491
10.1101/lm.1.3.203,3,1,0,1,0,70,2.5917
10.1016/s0092-8674(00)80897-1,3,1,0,1,0,283,2.5548
10.1146/annurev.pa.13.040173.001305,3,1,0,1,0,233,2.5228
10.1073/pnas.93.9.4016,3,1,0,1,0,42,2.6293
10.1038/31371,3,1,0,1,0,225,2.52
10.1016/s0896-6273(00)80607-8,3,1,0,1,0,55,2.6109
10.1101/lm.6.2.77,3,1,0,1,0,202,3.0884
10.1001/archneurpsyc.1958.02340050003001,3,1,0,1,0,642,4.1889
10.1016/0278-2626(88)90030-9,3,1,0,1,0,30,3.0136
10.1017/s0033291700025897,3,1,0,1,0,63,3.0088
10.1523/jneurosci.16-16-05233.1996,3,1,0,1,0,610,4.0783
10.1126/science.1109228,3,1,0,1,0,240,3.1372
10.1016/0959-4388(95)80023-9,3,1,0,1,0,1012,5.6475
10.1038/nrn726,3,1,0,1,0,492,3.7029
10.1037/0735-7044.107.6.899,3,1,0,1,0,139,3.0326
10.1146/annurev.neuro.27.070203.144130,3,3,0,3,0,2154,10.8242
10.1016/s0091-6773(74)92231-7,3,1,0,1,0,709,4.4305
10.1002/hipo.20005,3,1,0,1,0,103,3.0153
10.1002/hipo.20057,3,1,0,1,0,58,3.0089
10.1111/j.1749-6632.1985.tb37637.x,3,1,0,1,0,33,3.0128
10.1016/s0959-4388(97)80010-4,3,1,0,1,0,1380,7.2844
10.1001/archneur.1979.00500400065010,3,1,0,1,0,268,1.6968
10.1016/0028-3932(74)90014-1,3,1,0,1,0,72,1.7062
10.1126/science.7414331,3,1,0,1,0,1502,9.4768
10.1016/0028-3932(81)90064-6,3,1,0,1,0,118,1.6518
10.1016/0028-3932(68)90024-9,3,1,0,1,0,447,2.1298
10.3758/bf03334277,3,1,0,1,0,491,2.119
10.1037/h0034760,3,1,0,1,0,29,1.783
10.1097/00005053-198106000-00009,3,1,0,1,0,48,1.7462
10.1093/brain/102.4.749,3,1,0,1,0,299,1.7472
10.1016/0028-3932(75)90013-5,3,1,0,1,0,230,1.6531
10.1016/s0022-5371(79)90255-x,3,1,0,1,0,132,1.6414
10.1016/0028-3932(80)90059-7,3,1,0,1,0,50,1.7426
10.1093/brain/94.4.661,3,1,0,1,0,157,1.6302
10.1007/978-1-4684-7890-7_2,3,1,0,1,0,35,1.7709
10.1016/0028-3932(82)90026-4,3,1,0,1,0,130,1.6427
10.1212/wnl.24.6.527,3,1,0,1,0,71,1.7077
10.1146/annurev.ne.05.030182.001325,3,1,0,1,0,422,2.055
10.1016/s0163-1047(79)90841-0,3,1,0,1,0,61,1.7236
10.1002/ana.410060607,3,1,0,1,0,229,1.6523
10.1002/hipo.10215,3,1,0,1,0,287,2.7363
10.1016/j.neuroimage.2004.08.007,3,1,0,1,0,222,2.6757
10.1017/s0140525x99002034,3,1,0,1,0,1387,6.752
10.1093/brain/123.4.800,3,1,0,1,0,174,2.6561
10.1093/brain/122.9.1613,3,1,0,1,0,631,3.5773
10.1093/cercor/6.6.823,3,1,0,1,0,506,3.1894
10.1076/jcen.20.6.807.1114,3,1,0,1,0,100,2.669
10.1016/s0896-6273(03)00156-9,3,1,0,1,0,133,2.6568
10.1016/0028-3932(93)90072-8,3,1,0,1,0,28,2.7308
10.1037/0894-4105.18.3.418,3,1,0,1,0,200,2.664
10.1016/s0028-3932(97)00161-9,3,1,0,1,0,400,2.9272
10.1016/0278-2626(88)90038-3,3,1,0,1,0,54,2.703
10.1080/02724980244000224,3,1,0,1,0,98,2.6701
10.1098/rstb.2001.0948,3,1,0,1,0,277,2.7245
10.1080/096582196388906,3,1,0,1,0,356,2.8408
10.1162/08989290051137585,3,1,0,1,0,2544,11.961
10.1016/0028-3932(95)00108-5,3,1,0,1,0,55,2.7021
10.1016/0028-3932(83)90039-8,3,1,0,1,0,245,2.6928
10.3758/bf03195869,3,1,0,1,0,192,2.1537
10.1080/096582199387805,3,1,0,1,0,134,2.124
10.1162/0898929042568578,3,1,0,1,0,292,2.2931
10.1016/j.neuropsychologia.2006.05.023,3,1,0,1,0,1011,4.9673
10.1098/rstb.2001.0944,3,1,0,1,0,402,2.5548
10.1098/rstb.2005.1631,3,1,0,1,0,986,4.8536
10.1016/j.neuroimage.2005.09.025,3,1,0,1,0,113,2.1231
10.1037/0033-295x.107.2.261,3,1,0,1,0,2710,12.9531
10.1016/j.neulet.2006.07.075,3,1,0,1,0,14,2.189
10.1016/j.neuropsychologia.2004.02.014,3,1,0,1,0,272,2.2569
10.3758/cabn.3.3.234,3,1,0,1,0,107,2.1239
10.1162/08989290051137468,3,1,0,1,0,283,2.2763
10.1073/pnas.081082698,3,1,0,1,0,258,2.2339
10.1093/brain/awl093,3,1,0,1,0,215,2.1762
10.1093/brain/124.6.1156,3,1,0,1,0,211,2.1718
10.1073/pnas.071043098,3,1,0,1,0,2389,11.3054
10.1162/08989290260138672,3,1,0,1,0,1198,5.8333
10.1111/j.1745-6916.2006.00017.x,3,1,0,1,0,262,2.2403
10.1016/j.brainres.2006.01.061,3,1,0,1,0,35,2.1656
10.1523/jneurosci.16-13-04275.1996,3,1,0,1,0,604,3.2338
10.1016/s0149-7634(00)00037-3,3,2,0,2,0,62,4.0725
10.1016/s1364-6613(98)01258-3,3,1,0,1,0,106,2.559
10.1017/s0140525x00004003,3,2,0,2,0,145,3.9847
10.1016/s0896-6273(01)00279-3,3,2,0,2,0,371,3.5716
10.1016/s0165-3806(99)00027-9,3,1,0,1,0,51,2.6039
10.1038/81881,3,3,0,3,0,368,3.8314
10.1126/science.8036518,3,2,0,2,0,712,4.5173
10.1162/089892900562075,3,1,0,1,0,382,2.7757
10.1038/81756,3,3,0,3,0,493,4.2139
10.1016/0301-0511(84)90001-2,3,2,0,2,0,71,4.061
10.1126/science.1063049,3,1,0,1,0,392,2.7962
10.1126/science.118.3062.273,3,1,0,1,0,1778,8.5348
10.1016/0149-7634(85)90042-9,3,2,0,2,0,225,3.9404
10.1016/0166-4328(95)00024-n,3,2,0,2,0,316,3.9399
10.1016/0031-9384(95)02054-3,3,1,0,1,0,141,2.5457
10.1016/0166-4328(95)00218-9,3,1,0,1,0,146,2.5448
10.1006/nlme.1997.3809,3,1,0,1,0,118,2.5531
10.1016/0166-4328(95)00013-j,3,2,0,2,0,161,3.9726
10.1016/0031-9384(82)90268-2,3,2,0,2,0,85,4.044
10.1038/nature04286,3,3,0,3,0,1302,6.9821
10.1177/1073858406292647,3,3,0,3,0,434,3.7554
10.1017/s0140525x05000026,3,1,0,1,0,314,2.9454
10.1101/lm.80504,3,3,0,3,0,399,4.036
10.1053/smrv.2001.0164,3,1,0,1,0,266,2.9116
10.1016/j.cub.2006.05.024,3,1,0,1,0,283,2.9213
10.1038/nn1959,3,1,0,1,0,328,2.9589
10.1073/pnas.182178199,3,2,0,2,0,454,3.7904
10.1038/nature01930,3,4,0,4,0,791,5.1197
10.1101/lm.132106,3,1,0,1,0,321,2.952
10.1162/jocn.1997.9.4.534,3,3,0,3,0,750,5.1559
10.1016/j.biopsych.2006.03.061,3,1,0,1,0,233,2.8999
10.1073/pnas.0510198103,3,1,0,1,0,140,2.918
10.1016/j.cub.2004.01.027,3,1,0,1,0,333,2.9641
10.1016/j.bbr.2003.08.013,3,1,0,1,0,49,3.0072
10.1016/s0006-8993(00)03007-9,3,1,0,1,0,334,4.7551
10.1016/s0896-6273(03)00065-5,3,1,0,1,0,487,4.9609
10.1038/nature02663,3,1,0,1,0,1462,8.0803
10.1126/science.1099745,3,1,0,1,0,5307,26.3913
10.1038/300448a0,3,2,0,2,0,364,4.8194
10.1016/s0166-2236(00)01547-2,3,1,0,1,0,932,6.0981
10.1523/jneurosci.2725-04.2004,3,1,0,1,0,454,4.907
10.2741/1043,3,1,0,1,0,383,4.8085
10.1046/j.1365-2869.7.s1.3.x,3,2,0,2,0,395,4.6459
10.1073/pnas.0402820101,3,2,0,2,0,168,4.5385
10.1152/jn.00014.2006,3,2,0,2,0,288,5.2101
10.1523/jneurosci.5594-05.2006,3,2,0,2,0,192,5.2004
10.1523/jneurosci.22-24-10941.2002,3,1,0,1,0,508,4.9978
10.1016/j.neuron.2004.09.015,3,1,0,1,0,264,4.7003
10.1016/0166-4328(95)00002-b,3,1,0,1,0,186,4.7745
10.1016/0166-2236(90)90081-k,3,1,0,1,0,285,4.7256
10.1016/0166-4328(95)00014-k,3,1,0,1,0,111,4.8456
10.1016/s0959-4388(00)00079-9,3,2,0,2,0,281,4.5954
10.1126/science.172.3978.80,3,1,0,1,0,58,4.9128
10.1111/j.1365-2869.1994.tb00123.x,3,2,0,2,0,288,4.5842
10.1046/j.1365-2869.1999.00009.x,3,1,0,1,0,80,4.8833
10.1111/1469-8986.3650571,3,1,0,1,0,232,4.7453
10.1353/pbm.1974.0032,3,1,0,1,0,93,4.8669
10.1016/0031-9384(77)90138-x,3,1,0,1,0,60,4.91
10.2466/pms.1988.67.2.635,3,1,0,1,0,32,4.9507
10.1016/s0092-8674(00)81904-2,3,1,0,1,0,1005,5.343
10.1126/science.279.5349.338,3,1,0,1,0,240,2.7052
10.1101/sqb.1983.048.01.086,3,1,0,1,0,70,2.5765
10.1101/lm.4.3.291,3,1,0,1,0,288,2.7885
10.1016/0092-8674(94)90386-7,3,1,0,1,0,440,3.1619
10.1085/jgp.64.1.70,3,1,0,1,0,93,2.5777
10.1073/pnas.91.15.7041,3,2,0,2,0,758,5.0709
10.1126/science.7682336,3,1,0,1,0,453,3.2004
10.1126/science.6828885,3,1,0,1,0,321,2.8563
10.1073/pnas.85.7.2373,3,1,0,1,0,157,2.6082
10.1126/science.1585177,3,1,0,1,0,255,2.7292
10.1126/science.275.5302.969,3,1,0,1,0,93,2.5777
10.1523/jneurosci.18-01-00458.1998,3,1,0,1,0,84,2.5766
10.1016/0896-6273(95)90166-3,3,1,0,1,0,117,2.5844
10.1016/0092-8674(95)90213-9,3,1,0,1,0,474,3.2643
10.1073/pnas.58.3.1112,3,1,0,1,0,526,3.4314
10.1016/s0896-6273(00)80377-3,3,1,0,1,0,169,2.6183
10.1016/0092-8674(94)90400-6,3,1,0,1,0,1472,7.4915
10.1152/jn.1984.52.5.892,3,1,0,1,0,140,4.3825
10.1126/science.7444438,3,1,0,1,0,333,4.3072
10.1007/bf00234087,3,2,0,2,0,499,5.9829
10.1038/198540a0,3,1,0,1,0,217,4.3265
10.1002/cne.901380404,3,2,0,2,0,297,4.7077
10.1016/0301-0082(84)90023-6,3,2,0,2,0,387,5.9527
10.1016/0165-0173(83)90037-1,3,5,0,5,0,1053,5.8489
10.1016/0006-8993(79)90141-0,3,1,0,1,0,102,4.4225
10.1016/0306-4522(83)90100-8,3,1,0,1,0,146,4.377
10.1016/0006-8993(81)91203-8,3,1,0,1,0,67,4.4663
10.1016/0006-8993(83)90283-4,3,1,0,1,0,113,4.4101
10.1016/0010-440x(70)90017-9,3,1,0,1,0,18,4.5383
10.1016/0014-4886(69)90076-4,3,1,0,1,0,27,4.5242
10.1016/0304-3940(81)90080-x,3,1,0,1,0,38,4.5074
10.1152/jn.1984.51.5.1011,3,1,0,1,0,170,4.3567
10.1007/bf00716267,3,1,0,1,0,96,4.4295
10.1093/sleep/1.3.231,3,1,0,1,0,19,4.5368
10.1016/0006-8993(85)90584-0,3,1,0,1,0,14,4.5448
10.1016/0304-3940(88)90477-6,3,1,0,1,0,18,7.2903
10.1113/jphysiol.1985.sp015714,3,1,0,1,0,93,7.1989
10.1016/0304-3940(86)90466-0,3,1,0,1,0,25,7.281
10.1002/cne.901820508,3,1,0,1,0,733,7.2213
10.1016/0006-8993(88)90763-9,3,1,0,1,0,39,7.2628
10.1016/0013-4694(80)90160-1,3,1,0,1,0,95,7.1967
10.1038/330649a0,3,1,0,1,0,635,7.1238
10.1523/jneurosci.01-08-00876.1981,3,2,0,2,0,1568,8.3418
10.1038/290413a0,3,1,0,1,0,88,7.2044
10.1016/0014-4886(86)90129-9,3,1,0,1,0,16,7.293
10.1016/0306-4522(88)90127-3,3,1,0,1,0,24,7.2823
10.1016/0301-0082(86)90019-5,3,2,0,2,0,851,6.2593
10.1113/jphysiol.1983.sp014507,3,1,0,1,0,245,7.0722
10.1016/0006-8993(85)90257-4,3,1,0,1,0,143,7.1484
10.1016/0006-8993(87)90793-1,3,1,0,1,0,105,7.186
10.1016/0006-8993(89)91001-9,3,1,0,1,0,117,7.1736
10.1016/0006-8993(84)91356-8,3,1,0,1,0,48,7.2515
10.1037/h0024599,3,1,0,1,0,853,11.2783
10.1037/h0026470,3,1,0,1,0,526,10.6511
10.1037/h0061626,3,1,0,1,0,4347,24.7646
10.1016/0013-4694(69)90092-3,3,3,0,3,0,1537,10.2233
10.1016/0014-4886(67)90172-0,3,1,0,1,0,46,10.1537
10.1016/0006-8993(77)90550-9,3,1,0,1,0,161,4.6098
10.1007/bf00335349,3,1,0,1,0,173,4.6037
10.1016/0025-5564(78)90058-5,3,1,0,1,0,183,4.5992
10.1038/222960a0,3,1,0,1,0,759,5.2305
10.1126/science.6324350,3,1,0,1,0,221,4.5873
10.1002/cne.901440206,3,1,0,1,0,569,4.8424
10.1002/cne.901670303,3,1,0,1,0,742,5.1898
10.1016/0006-8993(80)90226-7,3,1,0,1,0,251,4.5835
10.1002/cne.901990405,3,1,0,1,0,256,4.5833
10.1152/jn.1981.46.5.952,3,1,0,1,0,134,4.6264
10.1016/0006-8993(81)90413-3,3,1,0,1,0,145,4.6191
10.1002/cne.902190304,3,1,0,1,0,94,4.6581
10.1016/0006-8993(85)91556-2,3,1,0,1,0,17,4.7427
10.1007/bf01258450,3,1,0,1,0,75,4.6761
10.1016/0006-8993(78)91113-7,3,1,0,1,0,65,4.6864
10.1113/jphysiol.1982.sp014255,3,1,0,1,0,417,4.652
10.1007/bf00236742,3,1,0,1,0,105,4.6485
10.1007/bf00238898,3,1,0,1,0,238,4.5845
10.1073/pnas.90.12.5718,3,2,0,2,0,352,2.4585
10.1016/0028-3932(90)90128-b,3,1,0,1,0,15,1.9718
10.1016/s0028-3932(97)00003-1,3,1,0,1,0,239,2.0142
10.1088/0954-898x_3_2_009,3,1,0,1,0,410,2.4293
10.1162/neco.1992.4.2.196,3,1,0,1,0,558,2.9492
10.1126/science.7134968,3,1,0,1,0,300,2.1318
10.1016/0042-6989(87)90011-3,3,2,0,2,0,393,2.3943
10.1113/jphysiol.1987.sp016474,3,1,0,1,0,62,1.9267
10.1016/s0042-6989(97)00121-1,3,1,0,1,0,1520,7.3482
10.1523/jneurosci.17-06-02112.1997,3,1,0,1,0,885,4.3383
10.1038/30875,3,1,0,1,0,84,1.9153
10.3758/bf03205010,3,1,0,1,0,147,1.9181
10.1523/jneurosci.13-05-01916.1993,3,1,0,1,0,202,1.963
10.1038/332446a0,3,1,0,1,0,265,2.0595
10.1152/jn.1991.65.2.178,3,1,0,1,0,125,1.9111
10.1523/jneurosci.10-04-01134.1990,3,1,0,1,0,239,2.0142
10.1016/0006-8993(92)90436-d,3,1,0,1,0,32,1.9523
10.1016/0166-4328(95)00032-1,3,1,0,1,0,173,1.9345
10.1152/jn.1991.65.4.841,3,1,0,1,0,28,1.9566
10.1016/0042-6989(92)90021-a,3,1,0,1,0,241,2.0174
10.1016/0042-6989(96)00036-3,3,1,0,1,0,159,1.503
10.1038/387401a0,3,1,0,1,0,594,2.3892
10.7551/mitpress/5295.003.0018,3,1,0,1,0,15,1.6685
10.1002/hbm.20158,3,1,0,1,0,179,1.5065
10.1016/s0042-6989(98)00113-8,3,1,0,1,0,305,1.6741
10.1523/jneurosci.13-03-01202.1993,3,1,0,1,0,1157,5.955
10.1016/s0896-6273(00)80593-0,3,1,0,1,0,1234,6.6354
10.2307/1419876,3,1,0,1,0,983,4.5214
10.1006/cbmr.1996.0014,3,1,0,1,0,9727,90.642
10.1006/nimg.1998.0395,3,1,0,1,0,9407,87.455
10.1002/mrm.10303,3,1,0,1,0,129,1.5105
10.1073/pnas.93.24.13494,3,1,0,1,0,790,3.2561
10.1073/pnas.022615199,3,1,0,1,0,367,1.8333
10.1038/369525a0,3,1,0,1,0,808,3.3626
10.1093/cercor/7.2.181,3,1,0,1,0,1303,7.2598
10.1167/4.10.4,3,1,0,1,0,117,1.5177
10.1016/0042-6989(95)00044-z,3,1,0,1,0,197,1.5154
10.1167/2.2.5,3,1,0,1,0,139,1.5063
10.1016/0042-6989(81)90017-1,3,1,0,1,0,209,1.5243
10.1146/annurev.psych.49.1.585,3,1,0,1,0,766,3.6857
10.1073/pnas.88.11.4966,3,1,0,1,0,808,3.8724
10.1163/156856896x00051,3,1,0,1,0,127,1.7819
10.1016/s0042-6989(99)00059-0,3,1,0,1,0,246,1.882
10.1523/jneurosci.13-01-00087.1993,3,1,0,1,0,933,4.4412
10.1152/jn.1992.67.5.1031,3,1,0,1,0,600,2.9809
10.1038/35087601,3,1,0,1,0,701,3.4027
10.1038/87470,3,1,0,1,0,285,1.9541
10.1152/jn.00690.2001,3,1,0,1,0,251,1.8902
10.1523/jneurosci.4442-03.2004,3,1,0,1,0,340,2.0833
10.1523/jneurosci.0457-06.2006,3,1,0,1,0,154,1.7875
10.1016/0042-6989(94)00141-8,3,1,0,1,0,104,1.7853
10.1038/nn1255,3,1,0,1,0,380,2.1945
10.1152/jn.1983.49.5.1127,3,2,0,2,0,1072,5.2776
10.1017/s095252380000715x,3,2,0,2,0,882,3.87
10.1523/jneurosci.08-06-02201.1988,3,3,0,3,0,1131,5.5223
10.1152/jn.2000.84.4.2166,3,1,0,1,0,110,1.4759
10.1523/jneurosci.14-06-03969.1994,3,1,0,1,0,504,2.5375
10.1007/bf00231732,3,1,0,1,0,268,1.7146
10.1152/jn.1992.68.3.945,3,2,0,2,0,212,1.7104
10.1523/jneurosci.2583-04.2004,3,1,0,1,0,98,1.4739
10.1016/s0028-3908(98)00033-1,3,1,0,1,0,1164,5.5899
10.1038/nn1209,3,2,0,2,0,585,2.9867
10.2307/1909829,3,1,0,1,0,1608,7.771
10.1152/jn.1996.75.3.1061,3,1,0,1,0,201,1.5691
10.1152/jn.1996.75.4.1673,3,1,0,1,0,375,2.0434
10.1152/jn.01014.2002,3,1,0,1,0,281,1.749
10.1007/bf00603975,3,1,0,1,0,36,1.5026
10.3758/bf03199951,3,1,0,1,0,738,3.5641
10.1037//0097-7403.2.4.313,3,1,0,1,0,12,1.5308
10.1016/j.neuron.2004.09.009,3,1,0,1,0,332,1.8998
10.1126/science.1077349,3,1,0,1,0,1479,7.1337
10.7551/mitpress/2302.001.0001,3,1,0,1,0,336,1.9125
10.1152/jn.2001.85.6.2477,3,1,0,1,0,197,1.5623
10.1093/cercor/10.3.263,3,1,0,1,0,266,1.7094
10.1152/jn.1989.61.4.814,3,1,0,1,0,342,1.932
10.1038/245150a0,3,1,0,1,0,87,1.4769
10.1111/j.1748-1716.2006.01579.x,3,1,0,1,0,92,1.4764
10.1007/bf00421027,3,1,0,1,0,19,1.5253
10.1126/science.8023166,3,1,0,1,0,344,1.9375
10.1093/brain/115.1.199,3,1,0,1,0,328,1.8862
10.1016/s0306-4522(98)00583-1,3,1,0,1,0,336,1.9116
10.1016/j.neuron.2005.05.020,3,3,0,3,0,994,4.3961
10.1016/s0165-0173(98)00019-8,3,2,0,2,0,2983,14.2615
10.1093/brain/111.2.323,3,1,0,1,0,406,2.153
10.1016/0166-2236(90)90058-i,3,1,0,1,0,327,1.8831
10.1126/science.112679,3,1,0,1,0,1186,5.6931
10.1073/pnas.80.14.4546,3,1,0,1,0,1403,6.7554
10.1523/jneurosci.12-11-04224.1992,3,1,0,1,0,558,2.7611
10.1523/jneurosci.17-12-04536.1997,3,1,0,1,0,229,1.6234
10.1016/0028-3932(89)90167-x,3,1,0,1,0,101,1.4767
10.1523/jneurosci.23-34-10827.2003,3,1,0,1,0,222,1.609
10.1046/j.1460-9568.2003.02849.x,3,1,0,1,0,49,1.4945
10.1016/0306-4522(84)90058-7,3,1,0,1,0,485,2.458
10.1016/0166-2236(95)80020-3,3,1,0,1,0,190,2.6321
10.1016/j.neuroscience.2005.06.038,3,1,0,1,0,51,2.7489
10.1038/nn1613,3,1,0,1,0,390,2.7831
10.1002/cne.10783,3,1,0,1,0,302,2.6713
10.1006/nlme.2000.4002,3,1,0,1,0,80,2.71
10.1523/jneurosci.21-09-03236.2001,3,1,0,1,0,161,2.6416
10.1016/s0896-6273(00)81056-9,3,1,0,1,0,908,4.3946
10.1016/s0149-7634(99)00072-x,3,1,0,1,0,539,3.1107
10.1016/j.physbeh.2004.02.004,3,1,0,1,0,800,3.9719
10.1016/0149-7634(94)00026-w,3,1,0,1,0,94,2.6939
10.1037/0735-7044.105.1.3,3,1,0,1,0,149,2.6479
10.1080/02699930302289,3,1,0,1,0,252,2.639
10.1037/0735-7044.103.1.36,3,1,0,1,0,186,2.6329
10.1186/1741-7007-3-4,3,2,0,2,0,232,1.6495
10.1016/s0091-3057(96)00240-7,3,1,0,1,0,99,2.6886
10.1007/pl00005773,3,1,0,1,0,134,1.5482
10.1016/j.tins.2006.12.003,3,1,0,1,0,223,1.5845
10.1016/j.tins.2006.03.002,3,1,0,1,0,455,2.1676
10.1037/1064-1297.1.1-4.101,3,1,0,1,0,43,1.6422
10.1016/j.pneurobio.2003.12.001,3,1,0,1,0,315,1.7467
10.1016/s0166-4328(01)00326-6,3,1,0,1,0,79,1.5899
10.1002/cne.902830108,3,1,0,1,0,64,1.6094
10.1016/0006-8993(85)91418-0,3,1,0,1,0,38,1.6509
10.1007/s00221-005-0114-y,3,1,0,1,0,38,1.6509
10.1523/jneurosci.20-22-08443.2000,3,1,0,1,0,314,1.7444
10.1016/j.tins.2007.03.001,3,1,0,1,0,672,3.0045
10.1046/j.0953-816x.2001.01485.x,3,1,0,1,0,296,1.7042
10.1016/0166-2236(90)90109-n,3,1,0,1,0,583,2.6601
10.1046/j.1460-9568.2003.02415.x,3,1,0,1,0,57,1.6196
10.1016/j.neuroscience.2006.01.030,3,1,0,1,0,77,1.5923
10.1002/cne.21202,3,1,0,1,0,34,1.6581
10.1146/annurev.neuro.21.1.149,3,1,0,1,0,1569,7.5379
10.1146/annurev.neuro.23.1.393,3,1,0,1,0,951,4.5819
10.1146/annurev.ne.10.030187.000435,3,1,0,1,0,415,2.3735
10.1016/0306-4522(96)00132-7,3,1,0,1,0,38,1.8904
10.1016/0306-4522(91)90003-7,3,1,0,1,0,303,2.0658
10.1038/1124,3,1,0,1,0,861,4.1707
10.1146/annurev.neuro.23.1.473,3,1,0,1,0,1066,5.1177
10.1046/j.1471-4159.1997.68020691.x,3,1,0,1,0,74,1.8597
10.1037/0735-7044.110.5.905,3,1,0,1,0,70,1.8622
10.1523/jneurosci.20-22-j0003.2000,3,1,0,1,0,294,2.0458
10.1523/jneurosci.18-04-01270.1998,3,1,0,1,0,138,1.8483
10.1126/science.290.5491.533,3,1,0,1,0,826,4.0133
10.1126/science.279.5357.1714,3,1,0,1,0,994,4.781
10.1016/0166-2236(82)90219-3,3,1,0,1,0,164,1.8597
10.1016/s0896-6273(00)80821-1,3,1,0,1,0,1913,8.9711
10.1126/science.252.5009.1177,3,1,0,1,0,704,3.4788
10.1038/383621a0,3,1,0,1,0,538,2.805
10.1016/0006-8993(86)91290-4,3,1,0,1,0,61,1.8688
10.1038/nn1587,3,1,0,1,0,278,1.7984
10.1146/annurev.neuro.22.1.241,3,1,0,1,0,381,2.056
10.1146/annurev.neuro.26.010302.081134,3,1,0,1,0,227,1.7153
10.1038/nrn1058,3,1,0,1,0,478,2.378
10.1093/cercor/4.3.247,3,1,0,1,0,122,1.6604
10.1523/jneurosci.12-06-02331.1992,3,1,0,1,0,467,2.3385
10.1523/jneurosci.23-02-00632.2003,3,1,0,1,0,224,1.7115
10.1152/jn.2001.86.4.1916,3,1,0,1,0,1426,6.4094
10.1146/annurev.neuro.26.041002.131052,3,1,0,1,0,779,3.6233
10.1017/s0952523800010269,3,1,0,1,0,478,2.378
10.1038/nn1094,3,1,0,1,0,185,1.6736
10.1111/1467-9280.00067,3,1,0,1,0,1052,4.8874
10.1093/cercor/bhg097,3,1,0,1,0,485,2.4034
10.1093/ietfec/e88-a.10.2496,3,1,0,1,0,15,1.7733
10.1037/0033-295x.111.2.333,3,1,0,1,0,842,3.9083
10.1152/jn.1967.30.1.35,3,1,0,1,0,248,1.8581
10.1038/355542a0,3,1,0,1,0,233,1.8297
10.1038/366467a0,3,1,0,1,0,318,2.0231
10.1038/37975,3,2,0,2,0,277,2.5868
10.1523/jneurosci.18-17-07015.1998,3,1,0,1,0,322,2.0339
10.1016/s0166-4115(08)61370-9,3,1,0,1,0,25,1.7528
10.1016/0010-0277(94)90026-4,3,1,0,1,0,60,1.7219
10.1901/jeab.1961.4-267,3,1,0,1,0,1682,8.1398
10.1037/0033-2909.83.6.1131,3,1,0,1,0,203,1.7811
10.1037/0033-295x.85.5.436,3,1,0,1,0,130,1.7137
10.1086/409852,3,1,0,1,0,2188,10.6467
10.1017/cbo9780511809477,3,1,0,1,0,6966,36.5239
10.1016/b978-0-12-662650-6.50011-8,3,1,0,1,0,166,1.7375
10.1146/annurev.es.02.110171.002101,3,1,0,1,0,2324,11.3239
10.1101/sqb.1990.055.01.068,3,1,0,1,0,145,1.7213
10.1038/35135,3,1,0,1,0,807,3.9382
10.1073/pnas.93.2.628,3,1,0,1,0,552,2.8355
10.1007/bf00271862,3,1,0,1,0,760,3.7262
10.1038/386167a0,3,1,0,1,0,867,4.2128
10.1002/cphy.cp010512,3,1,0,1,0,78,2.4069
10.1007/bf00248552,3,1,0,1,0,199,2.4444
10.1016/0959-4388(93)90206-e,3,1,0,1,0,234,2.4832
10.1016/s0010-9452(13)80188-8,3,1,0,1,0,66,2.4115
10.1159/000210464,3,1,0,1,0,449,2.9508
10.1126/science.285.5425.257,3,1,0,1,0,551,3.2763
10.1152/jn.2001.85.2.539,3,1,0,1,0,80,2.4062
10.1152/jn.2000.83.4.2374,3,1,0,1,0,132,2.4047
10.1038/381697a0,3,1,0,1,0,202,2.4472
10.1212/wnl.50.5.1253,3,1,0,1,0,446,2.9421
10.1152/jn.1996.76.3.1457,3,1,0,1,0,78,2.4069
10.1126/science.273.5281.1544,3,1,0,1,0,179,2.4277
10.1038/416632a,3,1,0,1,0,506,3.1265
10.1152/jn.1981.46.4.755,3,1,0,1,0,601,3.4526
10.1007/s002210050890,3,1,0,1,0,53,2.4183
10.1152/jn.1998.79.6.2919,3,1,0,1,0,523,3.182
10.1038/10223,3,1,0,1,0,894,4.6289
10.1038/383618a0,3,1,0,1,0,315,2.6169
10.1016/s0896-6273(00)00073-8,3,1,0,1,0,115,2.402
10.1002/cne.902320403,3,1,0,1,0,236,4.2453
10.1523/jneurosci.10-04-01176.1990,3,1,0,1,0,467,4.497
10.1146/annurev.neuro.20.1.303,3,1,0,1,0,1031,6.0816
10.1093/oso/9780198542841.003.0020,3,1,0,1,0,13,4.2977
10.1523/jneurosci.11-01-00168.1991,3,2,0,2,0,440,3.6076
10.1152/jn.1991.66.3.1095,3,1,0,1,0,340,4.3218
10.1152/jn.1991.66.3.1109,3,1,0,1,0,309,4.2924
10.1016/0028-3932(86)90075-8,3,1,0,1,0,280,4.27
10.1152/jn.1995.73.2.886,3,1,0,1,0,117,4.2364
10.1007/978-3-642-60661-8_33,3,1,0,1,0,27,4.2857
10.1038/375232a0,3,1,0,1,0,249,4.2514
10.1152/jn.1985.53.3.603,3,1,0,1,0,1087,6.2875
10.1152/jn.1994.71.3.1266,3,1,0,1,0,69,4.2568
10.1093/cercor/6.3.319,3,1,0,1,0,257,4.2557
10.1016/0028-3932(91)90008-v,3,1,0,1,0,249,4.2514
10.1016/s0926-6410(96)00046-8,3,1,0,1,0,159,4.2298
10.1152/jn.1993.69.3.902,3,1,0,1,0,532,4.6186
10.1152/jn.1996.76.5.2841,3,2,0,2,0,508,3.6838
10.1002/cne.902690307,3,1,0,1,0,316,4.2986
10.1016/0028-3932(94)90152-x,3,1,0,1,0,178,4.2304
10.1016/j.neuron.2004.11.017,3,1,0,1,0,105,4.2872
10.1038/nature04982,3,1,0,1,0,284,4.16
10.1152/jn.00130.2005,3,1,0,1,0,15,4.4199
10.1002/cne.902960106,3,1,0,1,0,576,4.3643
10.1016/0959-4388(92)90143-9,3,1,0,1,0,91,4.305
10.1002/cne.902410309,3,1,0,1,0,195,4.1996
10.1038/373518a0,3,1,0,1,0,170,4.2192
10.1111/j.2044-8317.1965.tb00342.x,3,1,0,1,0,95,4.2998
10.1523/jneurosci.18-18-07519.1998,3,1,0,1,0,394,4.1777
10.1523/jneurosci.5007-03.2004,3,1,0,1,0,116,4.274
10.1002/cne.902990404,3,1,0,1,0,433,4.2016
10.1038/33688,3,1,0,1,0,218,4.1848
10.1016/s0896-6273(01)00303-8,3,1,0,1,0,990,5.3796
10.1046/j.1460-9568.2002.02207.x,3,1,0,1,0,189,4.204
10.1046/j.1460-9568.2002.02206.x,3,1,0,1,0,281,4.1606
10.1017/s0952523898153166,3,1,0,1,0,31,4.3932
10.1016/0006-8993(71)90494-x,3,1,0,1,0,446,3.0512
10.1113/jphysiol.1974.sp010452,3,1,0,1,0,705,3.884
10.1152/jn.1981.45.3.397,3,1,0,1,0,187,2.6348
10.1152/jn.1984.52.6.1106,3,1,0,1,0,787,4.1981
10.1038/341052a0,3,1,0,1,0,882,4.5818
10.1152/jn.1984.51.1.16,3,1,0,1,0,418,2.9815
10.1152/jn.1968.31.5.659,3,1,0,1,0,515,3.2427
10.1113/jphysiol.1975.sp011034,3,1,0,1,0,193,2.6379
10.1523/jneurosci.08-05-01712.1988,3,1,0,1,0,409,2.9602
10.1523/jneurosci.09-07-02432.1989,3,1,0,1,0,897,4.644
10.1152/jn.1986.55.6.1308,3,1,0,1,0,257,2.6918
10.1152/jn.1989.62.1.31,3,1,0,1,0,159,2.6249
10.1152/jn.1988.60.2.604,3,1,0,1,0,505,3.2133
10.1523/jneurosci.05-03-00825.1985,3,1,0,1,0,447,3.0538
10.1037/h0027577,3,1,0,1,0,1573,7.5094
10.1037/0033-295x.94.2.115,3,3,0,3,0,3487,19.2718
10.1016/0010-0285(88)90024-2,3,2,0,2,0,465,2.6825
10.1037/h0041727,3,1,0,1,0,290,2.2441
10.1016/0010-0285(73)90004-2,3,1,0,1,0,2708,13.5011
10.1207/s15516709cog0502_2,3,1,0,1,0,3196,16.9928
10.1017/s0022226700005363,3,1,0,1,0,65,2.1561
10.1037/0096-3445.115.2.107,3,2,0,2,0,1247,5.4873
10.1525/ae.1978.5.1.02a00060,3,1,0,1,0,85,2.1399
10.1037/0022-3514.60.3.348,3,1,0,1,0,135,2.1198
10.1016/0010-0285(84)90009-4,3,2,0,2,0,329,2.433
10.1016/s0022-5371(84)90170-1,3,1,0,1,0,125,2.1214
10.2307/1129660,3,1,0,1,0,150,2.1196
10.1146/annurev.ps.32.020181.000513,3,1,0,1,0,1081,5.178
10.1037/0033-295x.92.3.289,3,1,0,1,0,1501,7.162
10.1016/s0022-5371(82)90412-1,3,1,0,1,0,171,2.1238
10.1016/0010-0285(76)90013-x,3,4,0,4,0,3262,22.7898
10.1111/j.1540-4560.1985.tb01130.x,3,1,0,1,0,383,2.4387
10.1016/s0020-7373(85)80064-x,3,1,0,1,0,138,2.1195
10.3406/psy.1968.27596,3,1,0,1,0,13,2.2193
10.1037/0097-7403.14.1.43,3,1,0,1,0,61,2.5343
10.1097/00001756-199801260-00023,3,3,0,3,0,140,3.0107
10.1037/0097-7403.2.4.285,3,1,0,1,0,248,2.33
10.1126/science.146.3643.549,3,1,0,1,0,377,1.9935
10.1037/0033-2909.112.3.500,3,2,0,2,0,205,2.5527
10.1037/0097-7403.14.3.247,3,3,0,3,0,76,3.1431
10.1037/0097-7403.10.4.564,3,1,0,1,0,33,2.5894
10.1037/0097-7403.13.2.136,3,1,0,1,0,37,2.5812
10.1523/jneurosci.10-11-03543.1990,3,1,0,1,0,149,2.4071
10.1007/bf02382403,3,1,0,1,0,52,2.5513
10.1523/jneurosci.17-20-07902.1997,3,1,0,1,0,70,2.0917
10.1038/380499a0,3,1,0,1,0,1085,5.1666
10.1523/jneurosci.04-08-02051.1984,3,4,0,4,0,1066,5.4435
10.1523/jneurosci.12-02-00408.1992,3,1,0,1,0,179,1.9813
10.1093/cercor/5.3.270,3,1,0,1,0,191,1.9781
10.1146/annurev.ne.19.030196.003045,3,3,0,3,0,898,4.2829
10.1016/0166-4328(94)90057-4,3,1,0,1,0,26,2.1743
10.1038/331068a0,3,1,0,1,0,670,2.6143
10.1016/0166-4328(95)00227-8,3,1,0,1,0,92,2.0581
10.1152/jn.1994.71.3.1206,3,1,0,1,0,70,2.0917
10.1152/jn.1995.73.2.713,3,1,0,1,0,400,2.2059
10.1088/0954-898x_1_4_002,3,1,0,1,0,99,2.0486
10.1523/jneurosci.16-15-04757.1996,3,1,0,1,0,160,1.9901
10.1016/0006-8993(78)90584-x,3,1,0,1,0,585,2.3912
10.1002/cne.902900402,3,1,0,1,0,113,2.0312
10.1002/cne.903430308,3,1,0,1,0,265,1.9991
10.1093/cercor/8.6.510,3,2,0,2,0,288,2.2009
10.1016/0893-6080(95)00053-4,3,1,0,1,0,51,1.8589
10.1016/s0734-189x(87)80014-2,3,1,0,1,0,1922,13.9842
10.3758/bf03206880,3,1,0,1,0,319,1.8595
10.1152/jn.1994.71.3.856,3,2,0,2,0,593,3.3034
10.1016/s0079-6123(08)60379-9,3,1,0,1,0,227,1.7452
10.1242/jeb.146.1.21,3,1,0,1,0,452,1.9825
10.1017/s095252380000804x,3,1,0,1,0,274,1.7896
10.1006/cogp.1999.0728,3,1,0,1,0,292,1.8145
10.1152/jn.1992.68.1.70,3,1,0,1,0,241,1.7552
10.1068/p210147,3,1,0,1,0,67,1.8312
10.1080/14640748908402394,3,1,0,1,0,221,1.7418
10.1016/s0042-6989(97)00462-8,3,1,0,1,0,121,1.7618
10.1111/j.1467-9280.1994.tb00500.x,3,1,0,1,0,486,2.0062
10.3758/bf03206016,3,1,0,1,0,31,1.8978
10.1038/35003571,3,1,0,1,0,83,2.6102
10.1098/rstb.1992.0003,3,1,0,1,0,596,3.6267
10.1007/978-3-642-65495-4_11,3,1,0,1,0,77,2.6112
10.1038/35036228,3,1,0,1,0,1582,7.9299
10.1126/science.273.5281.1542,3,1,0,1,0,170,2.6357
10.1023/a:1008170818506,3,1,0,1,0,48,2.6207
10.1523/jneurosci.16-16-05154.1996,3,1,0,1,0,1130,5.8271
10.1097/00001756-199208000-00018,3,1,0,1,0,203,2.6643
10.1523/jneurosci.19-13-05493.1999,3,1,0,1,0,371,2.9541
10.1016/s0896-6273(00)80658-3,3,1,0,1,0,480,3.248
10.7208/chicago/9780226471013.001.0001,3,1,0,1,0,6654,38.4076
10.1038/380069a0,3,1,0,1,0,1185,6.0762
10.1016/0010-0277(89)90036-x,3,1,0,1,0,405,3.5924
10.1016/0010-0285(87)90013-2,3,1,0,1,0,143,3.4896
10.1111/j.1467-9280.1990.tb00209.x,3,1,0,1,0,143,3.4896
10.1073/pnas.89.1.60,3,2,0,2,0,472,3.1939
10.1016/0042-6989(92)90102-o,3,1,0,1,0,276,3.4801
10.1038/343263a0,3,1,0,1,0,642,4.0704
10.1016/s0960-9822(00)00089-0,3,1,0,1,0,222,3.4684
10.1126/science.247.4945.978,3,1,0,1,0,756,4.3985
10.1152/jn.1981.46.2.369,3,1,0,1,0,957,5.0847
10.1007/bf00279674,3,1,0,1,0,133,3.4955
10.1152/jn.1987.57.1.132,3,2,0,2,0,306,3.1542
10.1038/335817a0,3,1,0,1,0,574,3.902
10.1152/jn.1991.66.1.170,3,2,0,2,0,559,3.4071
10.1038/360343a0,3,1,0,1,0,490,3.7271
10.1152/jn.1993.70.3.1115,3,1,0,1,0,72,3.5469
10.1098/rspb.1985.0003,3,1,0,1,0,583,3.923
10.1016/s0960-9822(95)00096-0,3,1,0,1,0,12,1.9753
10.1016/s0042-6989(96)00286-6,3,1,0,1,0,665,2.8148
10.1068/p190773,3,1,0,1,0,54,1.8951
10.1523/jneurosci.14-11-06336.1994,3,2,0,2,0,766,4.0376
10.1016/s0926-6410(96)00041-9,3,1,0,1,0,170,1.7886
10.1523/jneurosci.17-11-04302.1997,3,2,0,2,0,5928,38.0341
10.1152/jn.1995.74.3.1192,3,2,0,2,0,554,3.2971
10.1093/brain/115.1.15,3,2,0,2,0,1099,5.4261
10.1098/rstb.1992.0007,3,1,0,1,0,132,1.8034
10.1212/wnl.32.4.331,3,2,0,2,0,757,4.0031
10.1016/0042-6989(94)00273-o,3,1,0,1,0,260,1.8347
10.1080/14640749308401064,3,2,0,2,0,180,2.6188
10.1016/0166-2236(85)90051-7,3,1,0,1,0,69,1.8714
10.1016/0166-2236(90)90184-c,3,1,0,1,0,218,1.7992
10.1146/annurev.ne.13.030190.000513,3,1,0,1,0,349,1.9838
10.1002/hbm.460030207,3,1,0,1,0,57,1.8901
10.1111/1467-9280.00145,3,1,0,1,0,39,2.7912
10.1152/jn.1994.71.2.821,3,1,0,1,0,421,3.2713
10.1038/9224,3,1,0,1,0,886,4.9243
10.1162/jocn.1997.9.5.605,3,1,0,1,0,870,4.858
10.1097/00001756-199901180-00035,3,1,0,1,0,192,2.8402
10.1093/cercor/2.5.375,3,1,0,1,0,210,2.8596
10.1162/jocn.1997.9.5.555,3,1,0,1,0,485,3.4517
10.1073/pnas.96.16.9379,3,1,0,1,0,674,4.0877
10.1162/089892998562799,3,1,0,1,0,40,2.7909
10.1080/02643298708252038,3,1,0,1,0,315,3.025
10.1162/089892999563472,3,1,0,1,0,234,2.8897
10.1037/h0027474,3,1,0,1,0,1864,9.4123
10.1080/14640749308401045,3,1,0,1,0,1492,7.6414
10.1146/annurev.ne.18.030195.001205,3,1,0,1,0,5942,41.855
10.1038/380621a0,3,1,0,1,0,397,2.4796
10.1037/0033-295x.96.1.145,3,1,0,1,0,469,2.6849
10.1038/379549a0,3,1,0,1,0,665,3.3807
10.1126/science.2772635,3,1,0,1,0,435,2.5837
10.1016/0042-6989(82)90010-4,3,1,0,1,0,81,2.1471
10.1016/0042-6989(84)90044-0,3,1,0,1,0,153,2.1247
10.1152/jn.1990.64.2.351,3,1,0,1,0,127,2.1257
10.1007/978-1-4757-1904-8,3,1,0,1,0,6081,43.1951
10.1177/0883073891006001s11,3,1,0,1,0,105,2.1328
10.1126/science.270.5237.764,3,1,0,1,0,234,2.1729
10.1152/jn.1998.80.6.2918,3,1,0,1,0,546,2.5968
10.1152/jn.1997.78.1.199,3,1,0,1,0,64,1.895
10.1038/77722,3,1,0,1,0,74,1.8805
10.1007/bf00237333,3,1,0,1,0,118,1.8322
10.1097/00001756-199806220-00045,3,1,0,1,0,80,1.8725
10.1093/cercor/4.5.455,3,1,0,1,0,110,1.8391
10.1007/bf00241967,3,1,0,1,0,173,1.8086
10.1037/0096-1523.13.3.449,3,1,0,1,0,65,1.8935
10.1152/jn.1995.73.1.218,3,1,0,1,0,319,1.9463
10.1152/jn.1998.80.1.324,3,1,0,1,0,274,1.8744
10.1016/0042-6989(94)00279-u,3,1,0,1,0,943,3.949
10.1152/jn.1985.53.4.926,3,1,0,1,0,449,2.2716
10.1016/s0166-2236(96)10070-9,3,1,0,1,0,1109,4.9245
10.1101/sqb.1996.061.01.006,3,1,0,1,0,70,1.8862
10.1093/cercor/4.5.523,3,1,0,1,0,148,1.8141
10.1037/0033-295x.98.3.409,3,1,0,1,0,576,2.3322
10.3758/bf03196968,3,1,0,1,0,1021,4.9151
10.1364/josaa.10.000759,3,1,0,1,0,12,1.9516
10.1037/0096-1523.18.1.121,3,1,0,1,0,188,1.7523
10.1037/0096-1523.21.6.1506,3,1,0,1,0,98,1.8032
10.1037/0278-7393.13.4.640,3,1,0,1,0,151,1.7593
10.1113/jphysiol.1969.sp008862,3,1,0,1,0,1549,9.7376
10.3758/bf03197620,3,1,0,1,0,26,1.9216
10.1037/0033-295x.83.1.1,3,1,0,1,0,891,3.9057
10.1007/978-94-009-4420-6_17,3,1,0,1,0,21,1.9321
10.2307/1292061,3,1,0,1,0,109,1.7909
10.1109/tcom.1983.1095851,3,1,0,1,0,4377,37.6256
10.1113/jphysiol.1968.sp008574,3,1,0,1,0,2286,16.9124
10.1109/tpami.1986.4767851,3,1,0,1,0,21513,208.2986
10.1098/rstb.1992.0012,3,1,0,1,0,207,1.7564
10.1148/radiology.138.2.7455116,3,1,0,1,0,55,1.8663
10.1037/0033-2909.111.2.291,3,1,0,1,0,106,1.7941
10.1073/pnas.93.21.12046,3,1,0,1,0,32,1.9094
10.1016/0042-6989(75)90098-x,3,1,0,1,0,406,3.4861
10.1152/jappl.1966.21.3.1068,3,1,0,1,0,638,4.1966
10.1109/tbmel.1963.4322822,3,1,0,1,0,830,4.9191
10.1152/jn.1969.32.5.727,3,1,0,1,0,216,3.1175
10.1111/j.1460-9568.2006.04888.x,3,1,0,1,0,322,2.4629
10.1098/rstb.1971.0078,3,2,0,2,0,2051,9.8754
10.1037/h0044212,3,1,0,1,0,224,2.2865
10.1126/science.153.3742.1351,3,1,0,1,0,1152,5.7211
10.1038/nature01964,3,1,0,1,0,1046,5.2322
10.1126/science.8351520,3,2,0,2,0,1836,9.735
10.1523/jneurosci.15-11-07079.1995,3,1,0,1,0,545,3.1292
10.1523/jneurosci.2864-06.2007,3,1,0,1,0,195,2.2524
10.1523/jneurosci.21-05-01635.2001,3,1,0,1,0,401,2.664
10.1038/nrn1385,3,1,0,1,0,495,2.9558
10.1016/s0896-6273(00)00135-5,3,1,0,1,0,418,2.713
10.1093/cercor/6.2.81,3,5,0,5,0,707,4.9935
10.1126/science.1589772,3,3,0,3,0,967,5.4132
10.1523/jneurosci.16-09-03056.1996,3,5,0,5,0,471,4.4349
10.1126/science.274.5288.771,3,1,0,1,0,389,4.0605
10.1002/cne.903130404,3,1,0,1,0,698,4.5795
10.1016/0304-3940(90)90069-l,3,1,0,1,0,204,4.0155
10.1523/jneurosci.17-17-06783.1997,3,1,0,1,0,297,4.0112
10.1016/0306-4522(92)90516-5,3,1,0,1,0,13,4.1921
10.1146/annurev.neuro.20.1.185,3,2,0,2,0,1010,5.633
10.1152/ajplegacy.1941.135.2.281,3,1,0,1,0,491,4.1751
10.1523/jneurosci.09-08-02907.1989,3,3,0,3,0,543,5.7202
10.1098/rstb.1997.0139,3,2,0,2,0,238,4.8947
10.1152/jn.1961.24.1.26,3,1,0,1,0,115,4.0705
10.1152/jn.1961.24.1.50,3,1,0,1,0,90,4.0947
10.1152/jn.1985.54.6.1473,3,1,0,1,0,460,4.1338
10.1152/jn.1987.57.1.260,3,1,0,1,0,513,4.2076
10.1126/science.8235588,3,1,0,1,0,2815,13.4966
10.1523/jneurosci.13-08-03252.1993,3,1,0,1,0,1540,7.6033
10.1523/jneurosci.13-08-03266.1993,3,1,0,1,0,731,4.6623
10.1038/35094565,3,1,0,1,0,2698,12.8882
10.1126/science.1070502,3,1,0,1,0,649,4.3982
10.1073/pnas.161274398,3,2,0,2,0,123,4.2816
10.1126/science.1071111,3,1,0,1,0,283,3.9475
10.1152/jn.2001.86.1.1,3,1,0,1,0,402,4.0074
10.1016/s0896-6273(02)00586-x,3,1,0,1,0,2695,12.8738
10.1523/jneurosci.15-01-00030.1995,3,1,0,1,0,927,5.172
10.1016/0031-9384(92)90134-n,3,1,0,1,0,29,3.8027
10.1111/j.1460-9568.1993.tb00493.x,3,1,0,1,0,40,3.7879
10.1152/jn.1995.73.1.20,3,1,0,1,0,172,3.6716
10.1126/science.8511592,3,1,0,1,0,402,3.7527
10.1101/lm.46502,3,1,0,1,0,193,3.6639
10.1162/089892904322755557,3,1,0,1,0,100,3.7208
10.1016/s0301-0082(03)00018-2,3,1,0,1,0,171,3.672
10.1038/382252a0,3,1,0,1,0,815,4.6809
10.1007/bf00711551,3,1,0,1,0,116,3.7068
10.1523/jneurosci.23-34-10897.2003,3,1,0,1,0,246,3.658
10.1146/annurev.ps.41.020190.003013,3,1,0,1,0,153,3.6811
10.2466/pms.1972.34.1.283,3,1,0,1,0,53,3.7714
10.1093/sleep/2.2.193,3,1,0,1,0,14,3.8241
10.1016/s0169-328x(98)00057-6,3,1,0,1,0,73,3.7481
10.1016/s0006-8993(00)03008-0,3,1,0,1,0,277,3.6636
10.1093/sleep/23.4.9,3,1,0,1,0,106,3.7153
10.1016/s0896-6273(03)00814-6,3,1,0,1,0,533,3.9531
10.1152/jn.1997.78.1.335,3,1,0,1,0,118,3.7052
10.1038/304111a0,3,2,0,2,0,623,3.6338
10.1101/lm.73504,3,5,0,5,0,266,4.2207
10.1111/j.2517-6161.1995.tb02031.x,3,1,0,1,0,82557,811.8593
10.1214/aos/1013699998,3,1,0,1,0,7635,65.5133
10.1038/35036213,3,2,0,2,0,1312,6.1733
10.1523/jneurosci.17-05-01880.1997,3,1,0,1,0,586,2.7757
10.1038/nn1788,3,1,0,1,0,118,1.7356
10.1073/pnas.0700222104,3,1,0,1,0,91,1.7553
10.1038/304158a0,3,1,0,1,0,335,1.9505
10.1002/hipo.20106,3,1,0,1,0,261,1.807
10.1016/j.neuron.2006.10.023,3,2,0,2,0,422,2.7214
10.1371/journal.pbio.0030402,3,1,0,1,0,870,3.9971
10.1126/science.1585183,3,2,0,2,0,1949,10.0054
10.1037/0735-7044.109.2.195,3,1,0,1,0,381,2.0687
10.1002/1098-1063(2000)10:4<438::aid-hipo10>3.0.co;2-3,3,1,0,1,0,271,1.8226
10.1016/j.neuron.2008.01.036,3,2,0,2,0,142,2.3353
10.1126/science.1529342,3,1,0,1,0,261,6.9137
10.1037/0735-7044.99.6.1040,3,1,0,1,0,259,6.9129
10.1113/jphysiol.1973.sp010274,3,1,0,1,0,1128,8.4599
10.1523/jneurosci.14-10-06160.1994,3,1,0,1,0,286,6.9245
10.1126/science.164.3881.828,3,1,0,1,0,306,6.9349
10.1016/s0893-6080(05)80042-5,3,1,0,1,0,53,6.912
10.1016/0006-8993(87)90496-3,3,1,0,1,0,75,6.9046
10.1016/0006-8993(78)90030-6,3,1,0,1,0,508,7.1191
10.1098/rstb.1990.0164,3,1,0,1,0,203,6.8972
10.1016/s0006-3495(67)86597-4,3,1,0,1,0,1048,8.2327
10.1146/annurev.ne.10.030187.001023,3,1,0,1,0,464,7.0669
10.1088/0954-898x_2_4_004,3,1,0,1,0,200,6.8967
10.1152/jn.1972.35.2.230,3,1,0,1,0,60,6.9095
10.1152/jn.1988.60.3.909,3,1,0,1,0,255,3.7242
10.1152/jn.1993.70.4.1629,3,1,0,1,0,441,3.9485
10.1152/jn.1989.61.5.900,3,1,0,1,0,885,5.1773
10.1023/a:1008861001091,3,2,0,2,0,53,3.3437
10.1523/jneurosci.18-24-10464.1998,3,1,0,1,0,3768,18.5276
10.1162/neco.1996.8.1.85,3,2,0,2,0,271,3.0228
10.1126/science.290.5492.812,3,2,0,2,0,359,3.4215
10.1038/nn834,3,2,0,2,0,686,5.2979
10.1523/jneurosci.07-03-00774.1987,3,1,0,1,0,441,3.9485
10.1037/0735-7044.116.2.286,3,1,0,1,0,237,3.7144
10.1523/jneurosci.19-10-04090.1999,3,4,0,4,0,609,5.0894
10.1016/0306-4522(83)90010-6,3,1,0,1,0,552,4.1779
10.1016/s0896-6273(01)00186-6,3,1,0,1,0,864,5.1038
10.1126/science.275.5297.213,3,1,0,1,0,3131,15.395
10.1073/pnas.94.16.8918,3,1,0,1,0,421,3.9142
10.1016/s0896-6273(00)81072-7,3,1,0,1,0,411,3.898
10.1038/nature00807,3,1,0,1,0,554,4.1827
10.1016/s0959-4388(99)80025-7,3,1,0,1,0,97,5.2539
10.1038/nn1202,3,2,0,2,0,143,3.9985
10.1126/science.271.5257.1870,3,1,0,1,0,922,6.2631
10.1126/science.1073538,3,1,0,1,0,338,5.2367
10.1371/journal.pbio.0020024,3,1,0,1,0,195,5.2129
10.1016/s0896-6273(00)80773-4,3,2,0,2,0,839,4.7572
10.1016/j.tins.2004.12.001,3,1,0,1,0,356,5.2468
10.1523/jneurosci.19-21-09497.1999,3,1,0,1,0,746,5.8176
10.1093/brain/120.7.1173,3,1,0,1,0,992,5.1659
10.1006/nimg.2001.0806,3,1,0,1,0,393,3.8151
10.1093/cercor/12.9.893,3,1,0,1,0,88,3.922
10.1037/0096-3445.120.3.235,3,1,0,1,0,424,3.8387
10.1006/nimg.2002.1091,3,1,0,1,0,624,4.1321
10.1523/jneurosci.22-15-06830.2002,3,1,0,1,0,672,4.2353
10.1016/0166-4328(95)00012-i,3,1,0,1,0,263,3.7855
10.1016/s0896-6273(03)00095-3,3,1,0,1,0,631,4.1464
10.1523/jneurosci.17-12-04800.1997,3,1,0,1,0,259,3.7864
10.1016/0166-4328(95)00015-l,3,1,0,1,0,89,3.9207
10.1038/35084005,3,1,0,1,0,5039,29.4507
10.1016/j.conb.2007.02.006,3,1,0,1,0,223,2.5605
10.1126/science.1098180,3,1,0,1,0,526,3.3936
10.1016/0166-4328(95)00034-8,3,1,0,1,0,191,2.5109
10.1038/nn1369,3,1,0,1,0,88,2.4183
10.1101/lm.726008,3,2,0,2,0,234,2.7019
10.1038/nn.2337,3,1,0,1,0,662,3.9064
10.1007/bf00185879,3,1,0,1,0,12,2.2601
10.1093/brain/awn103,3,1,0,1,0,327,2.481
10.1038/nn1961,3,2,0,2,0,1037,5.2656
10.1016/s0896-6273(03)00752-9,3,1,0,1,0,451,2.8197
10.1038/nature04587,3,2,0,2,0,1366,6.7583
10.1126/science.1164685,3,2,0,2,0,380,2.8879
10.1523/jneurosci.3524-04.2004,3,1,0,1,0,277,2.3775
10.1016/j.nlm.2006.10.006,3,1,0,1,0,97,2.2123
10.3758/bf03194952,3,1,0,1,0,224,3.838
10.1002/1099-0720(200103/04)15:2<159::aid-acp694>3.0.co;2-d,3,1,0,1,0,32,3.9106
10.1016/j.neuron.2005.10.009,3,1,0,1,0,96,3.8597
10.1101/lm.90405,3,1,0,1,0,85,3.8666
10.1038/77744,3,1,0,1,0,530,4.2076
10.1016/s1053-8119(03)00278-7,3,1,0,1,0,216,3.8362
10.1126/science.287.5451.248,3,1,0,1,0,3240,17.7896
10.1016/b978-008045046-9.00770-1,3,1,0,1,0,13,2.0148
10.1016/j.brainresbull.2003.09.004,3,1,0,1,0,901,4.3192
10.1038/nrn2590,3,1,0,1,0,590,2.8209
10.1016/s0166-2236(02)00042-5,3,1,0,1,0,567,2.731
10.1101/lm.7.2.73,3,1,0,1,0,702,3.2819
10.1038/35021052,3,1,0,1,0,2137,11.404
10.1126/science.160.3827.554,3,1,0,1,0,643,3.0347
10.1016/s0896-6273(03)00674-3,3,1,0,1,0,269,1.8505
10.1038/nn1871,3,1,0,1,0,142,1.754
10.1038/nn1667,3,1,0,1,0,136,1.7551
10.1038/nature08637,3,1,0,1,0,974,4.5007
10.1038/nn.2498,3,1,0,1,0,186,1.7619
10.1101/lm.365707,3,1,0,1,0,417,2.2054
10.1101/lm.486107,3,1,0,1,0,176,1.7576
10.1371/journal.pone.0007519,3,1,0,1,0,68,1.8032
10.1126/science.1148979,3,1,0,1,0,438,2.2712
10.1038/nrn2762,3,1,0,1,0,2940,18.5972
10.1523/jneurosci.18-18-07411.1998,3,1,0,1,0,458,2.9054
10.1016/j.tics.2006.11.004,3,1,0,1,0,2010,9.8988
10.1155/2008/381243,3,1,0,1,0,322,2.535
10.1093/brain/awm146,3,1,0,1,0,346,2.591
10.1111/j.1460-9568.2007.05684.x,3,1,0,1,0,132,2.2768
10.1523/jneurosci.2862-08.2008,3,1,0,1,0,188,2.315
10.1002/hipo.20345,3,1,0,1,0,326,2.544
10.1523/jneurosci.3761-07.2007,3,1,0,1,0,833,4.3435
10.1002/hipo.20022,3,1,0,1,0,56,2.2805
10.1038/342175a0,3,1,0,1,0,420,2.5864
10.1017/cbo9780511623257,3,1,0,1,0,1057,5.3375
10.1016/0022-5193(64)90067-0,3,1,0,1,0,160,1.9278
10.1016/s0079-6123(08)61257-1,3,1,0,1,0,256,2.101
10.1038/nn1905,3,1,0,1,0,459,2.7261
10.1103/physreve.58.7738,3,1,0,1,0,145,1.9104
10.1523/jneurosci.4724-06.2007,3,1,0,1,0,111,1.8817
10.1016/j.neuron.2006.08.016,3,1,0,1,0,66,1.8673
10.1002/hipo.450010207,3,2,0,2,0,449,2.3869
10.1126/science.1071089,3,1,0,1,0,490,2.842
10.1523/jneurosci.2857-06.2006,3,1,0,1,0,46,1.8697
10.1002/hipo.20327,3,1,0,1,0,587,3.2266
10.1016/j.tins.2005.01.007,3,1,0,1,0,80,1.8688
10.1002/hipo.20091,3,1,0,1,0,327,2.2873
10.1007/bf00243212,3,1,0,1,0,425,2.6039
10.1002/cne.902460403,3,1,0,1,0,403,2.5279
10.1097/00001756-199902250-00033,3,1,0,1,0,119,1.8871
10.1523/jneurosci.23-26-08827.2003,3,1,0,1,0,284,1.1276
10.1126/science.1257783,3,1,0,1,0,400,1.7308
10.1152/jn.1983.50.5.1197,3,1,0,1,0,279,1.1213
10.1523/jneurosci.5475-09.2010,3,1,0,1,0,77,1.6013
10.1523/jneurosci.4755-08.2009,3,1,0,1,0,142,1.5259
10.1121/1.380686,3,1,0,1,0,58,1.6349
10.1002/(sici)1096-9861(19980824)398:2<179::aid-cne3>3.0.co;2-y,3,1,0,1,0,573,3.2452
10.1002/hipo.450050503,3,1,0,1,0,428,1.9525
10.1152/jn.00827.2005,3,1,0,1,0,30,1.6931
10.1152/jn.1996.76.3.1698,3,1,0,1,0,351,1.3933
10.1152/jn.1986.55.2.331,3,1,0,1,0,34,1.6841
10.1016/j.tins.2008.06.008,3,1,0,1,0,395,1.693
10.1523/jneurosci.19-01-00274.1999,3,1,0,1,0,843,5.8454
10.1126/science.144.3618.555,3,1,0,1,0,60,1.6311
10.3758/bf03203109,3,1,0,1,0,47,1.6566
10.1523/jneurosci.2975-03.2004,3,1,0,1,0,258,1.1188
10.1523/jneurosci.07-03-00716.1987,3,1,0,1,0,269,1.1152
10.1016/j.beproc.2006.08.005,3,1,0,1,0,22,1.7114
10.1115/1.3656559,3,1,0,1,0,123,3.9562
10.1080/00207216108937350,3,1,0,1,0,119,3.9608
10.1109/proc.1963.2123,3,1,0,1,0,19,4.1064
10.1137/1105015,3,1,0,1,0,242,3.8652
10.1145/322234.322243,3,1,0,1,0,1154,5.4919
10.1137/0206049,3,1,0,1,0,479,3.6438
10.1016/0022-0000(85)90045-5,3,2,0,2,0,149,4.39
10.1287/mnsc.34.3.391,3,1,0,1,0,1151,7.8912
10.2514/3.20721,3,1,0,1,0,58,4.8092
10.1111/j.1467-8640.1989.tb00324.x,3,2,0,2,0,429,3.66
10.1016/0004-3702(72)90051-3,3,1,0,1,0,526,4.2166
10.1016/0004-3702(71)90010-5,3,2,0,2,0,2345,18.1048
10.1016/0004-3702(86)90031-7,3,1,0,1,0,819,5.3831
10.1177/105971239300100403,3,1,0,1,0,78,4.7767
10.1287/opre.34.6.871,3,1,0,1,0,759,5.0296
10.1287/opre.27.5.1041,3,1,0,1,0,48,4.7993
10.1007/bf02551353,3,1,0,1,0,35,4.8224
10.1016/0022-247x(69)90163-2,3,3,0,3,0,47,4.943
10.1515/9781400874668,3,1,0,1,0,2467,21.2852
10.1137/0327034,3,1,0,1,0,46,4.8028
10.1016/0167-6911(88)90043-6,3,1,0,1,0,19,4.8519
10.1007/bf01448194,3,1,0,1,0,16,4.8575
10.1287/inte.15.6.73,3,1,0,1,0,74,4.7554
10.1287/inte.18.5.55,3,2,0,2,0,53,5.1163
10.1007/978-1-4615-6746-2,3,1,0,1,0,319,4.2118
10.1287/opre.36.3.437,3,1,0,1,0,80,4.7457
10.1007/978-1-4419-8714-3,3,1,0,2,0,284,4.3868
10.1002/1520-6750(198810)35:5<447::aid-nav3220350509>3.0.co;2-i,3,1,0,1,0,23,4.8444
10.1287/opre.13.5.712,3,1,0,1,0,24,5.3567
10.1109/tssc.1965.300058,3,1,0,1,0,28,5.3512
10.1177/027836498800700101,3,1,0,1,0,183,3.1327
10.1016/0004-3702(87)90092-0,3,1,0,1,0,495,2.8752
10.1016/0004-3702(90)90060-d,3,1,0,1,0,1070,5.7081
10.1016/0004-3702(88)90087-2,3,1,0,1,0,66,3.2885
10.1016/0004-3702(88)90056-2,3,1,0,1,0,73,3.2764
10.1207/s15516709cog0102_2,3,1,0,1,0,70,3.2815
10.1016/0004-3702(90)90040-7,3,1,0,1,0,81,3.263
10.1016/0004-3702(94)90002-7,3,1,0,1,0,30,3.3558
10.1177/027836498400300101,3,1,0,1,0,559,2.8832
10.1002/int.4550060404,3,1,0,1,0,24,3.3679
10.1111/j.1467-8640.1988.tb00285.x,3,1,0,1,0,44,3.3286
10.1145/321250.321253,3,1,0,1,0,2426,18.6448
10.1016/0016-0032(65)90528-4,3,1,0,1,0,38,3.5539
10.1287/moor.9.3.391,3,1,0,1,0,72,3.5026
10.1007/978-3-642-46516-1,3,1,0,1,0,26,3.5738
10.1016/0022-247x(78)90174-9,3,1,0,1,0,30,3.5671
10.1287/opre.35.5.736,3,1,0,1,0,101,3.4649
10.1287/opre.15.3.559,3,1,0,1,0,53,3.5303
10.1287/mnsc.23.8.890,3,1,0,1,0,40,3.5507
10.1137/0318028,3,2,0,2,0,44,4.4907
10.1515/9781400873173,3,1,0,1,0,10018,85.3863
10.1287/opre.24.1.141,3,1,0,1,0,78,3.4943
10.1287/mnsc.17.9.587,3,1,0,1,0,141,3.4225
10.1080/00207727908941584,3,1,0,1,0,53,3.5303
10.1016/0377-2217(80)90211-8,3,1,0,1,0,21,3.5824
10.1007/bf02579150,3,1,0,1,0,2853,25.1823
10.1287/moor.12.3.441,3,1,0,1,0,734,5.5963
10.1214/aoms/1177697379,3,1,0,1,0,177,4.5395
10.1109/proc.1976.10293,3,1,0,1,0,30,3.3215
10.1007/978-3-642-45470-7,3,1,0,1,0,37,3.307
10.1109/tac.1976.1101383,3,1,0,1,0,34,3.3132
10.1109/tac.1974.1100635,3,1,0,1,0,269,2.5981
10.1287/opre.39.1.162,3,1,0,1,0,168,4.6903
10.1287/opre.30.2.301,3,1,0,1,0,17,4.9128
10.1287/mnsc.24.11.1127,3,1,0,1,0,127,4.7397
10.1016/0377-2217(89)90348-2,3,1,0,1,0,116,4.7543
10.1016/0304-3975(93)90357-y,3,1,0,1,0,20,5.1048
10.1145/146585.146588,3,1,0,1,0,211,4.8799
10.1016/0166-218x(92)90039-d,3,1,0,1,0,17,5.1097
10.1137/s0097539793245829,3,1,0,1,0,22,5.1016
10.1007/bf01768705,3,1,0,1,0,241,4.861
10.1016/0304-3975(93)90026-p,3,1,0,1,0,23,5.1
10.1016/0304-3975(93)90356-x,3,1,0,1,0,16,5.1114
10.1016/0041-5553(88)90012-2,3,1,0,1,0,96,4.9944
10.1016/0012-365x(78)90011-0,3,1,0,1,0,407,4.8411
10.1007/bf01580616,3,1,0,1,0,34,5.0825
10.1006/inco.1995.1035,3,1,0,1,0,55,5.0506
10.1016/0304-3975(80)90061-4,3,1,0,1,0,250,4.8562
10.1007/bf01586040,3,1,0,1,0,86,5.0074
10.1137/0204018,3,1,0,1,0,170,4.9132
10.1002/net.3230210206,3,1,0,1,0,112,4.9746
