DOI,Layer,Indegree,Direct,Freq,Citation_Count,Score
10.1038/nature14236,0,0,0,1,19974,1
10.5962/bhl.title.55072,1,1,1,1,611,0.654852
10.1126/science.275.5306.1593,1,1,1,1,7173,0.661992
10.1007/bf00344251,1,2,1,2,3932,0.678695
10.1145/203330.203343,1,1,1,1,968,0.653995
10.1007/s10514-009-9120-4,1,1,1,1,175,0.654666
10.1561/2200000006,1,1,1,1,5743,0.659785
10.1126/science.1127647,1,1,1,1,15599,0.66937
10.1613/jair.3912,1,1,1,1,860,0.654619
10.1007/s11023-007-9079-x,1,1,1,1,389,0.654554
10.1109/5.726791,1,2,1,2,40562,0.675787
10.1113/jphysiol.1963.sp007079,1,1,1,1,611,0.653774
10.1109/9.580874,1,2,1,2,694,0.682609
10.1037/0033-295x.102.3.419,1,8,1,8,3656,0.694901
10.1016/j.tins.2010.01.006,1,1,1,1,352,0.654872
10.1038/nn.2304,1,1,1,1,231,0.653107
10.1038/415318a,1,1,1,1,446,0.656071
10.1038/nn.3203,1,1,1,1,323,0.65369
10.1016/s0004-3702(98)00023-x,1,1,1,1,2198,0.656521
10.1037/h0076778,2,1,0,1,1903,0.669174
10.1037/0033-295x.88.2.135,2,4,0,4,1037,0.664359
10.1101/lm.1.1.1,2,2,0,2,117,0.662855
10.1038/377725a0,2,1,0,1,220,0.669691
10.1523/jneurosci.16-05-01936.1996,2,2,0,2,1536,0.664518
10.1016/0306-4522(94)90592-4,2,1,0,1,192,0.668065
10.7551/mitpress/4708.003.0020,2,1,0,1,83,0.670135
10.1016/1044-5765(92)90012-q,2,1,0,1,116,0.670047
10.1002/syn.890100307,2,1,0,1,224,0.668807
10.1016/0376-8716(95)01118-i,2,1,0,1,462,0.670263
10.1016/0006-8993(75)90998-1,2,2,0,2,85,0.663811
10.1126/science.897677,2,1,0,1,58,0.666517
10.1007/bf00426039,2,1,0,1,18,0.669606
10.1016/0006-8993(80)90666-6,2,1,0,1,218,0.668634
10.1146/annurev.ps.40.020189.001203,2,1,0,1,1449,0.668174
10.1017/s0140525x00010372,2,2,0,2,809,0.653215
10.1016/0165-0173(83)90038-3,2,2,0,2,676,0.660776
10.1126/science.6857251,2,2,0,2,175,0.651257
10.1016/0361-9230(89)90223-2,2,1,0,1,44,0.668266
10.1152/physrev.1991.71.1.155,2,1,0,1,836,0.670984
10.1007/bf00342633,2,3,0,3,533,0.633258
10.1152/jn.1972.35.1.96,2,3,0,3,1111,0.626895
10.1113/jphysiol.1962.sp006837,2,4,0,4,10028,0.638421
10.1152/jn.1965.28.2.229,2,3,0,3,1931,0.64472
10.1098/rspb.1977.0085,2,2,0,2,1719,0.643193
10.1016/0893-6080(89)90020-8,2,5,0,5,16496,0.652525
10.7551/mitpress/5236.001.0001,2,4,0,4,13711,0.662942
10.1147/rd.33.0210,2,8,0,8,2583,0.689087
10.1023/a:1022633531479,2,1,0,1,189,0.656788
10.1162/neco.1989.1.3.321,2,1,0,1,38,0.657245
10.1007/bf00992697,2,2,0,2,276,0.650985
10.1016/s0004-3702(99)00026-0,2,1,0,1,95,0.658713
10.1109/iros.2008.4650953,2,1,0,1,52,0.65843
10.1080/088395198117848,2,2,0,2,133,0.662612
10.1163/1568553041719519,2,1,0,1,15,0.657984
10.1177/0278364907087548,2,1,0,1,126,0.659522
10.1016/j.neunet.2008.02.003,2,1,0,1,545,0.658796
10.1109/icnn.1993.298623,2,1,0,1,1920,0.658778
10.1177/105971230501300301,2,1,0,1,225,0.656919
10.1016/0004-3702(89)90017-9,2,2,0,2,72,0.652655
10.1016/j.robot.2004.05.005,2,1,0,1,52,0.655913
10.1016/0885-2308(87)90026-x,2,1,0,1,88,0.679214
10.1126/science.269.5232.1860,2,3,0,3,84,0.656931
10.1162/neco.1997.9.7.1493,2,2,0,2,532,0.659044
10.1073/pnas.79.8.2554,2,2,0,2,13861,0.660317
10.1162/neco.2006.18.7.1527,2,1,0,1,12351,0.668919
10.1002/(sici)1097-4571(199009)41:6<391::aid-asi1>3.0.co;2-9,2,1,0,1,7038,0.670954
10.1126/science.290.5500.2323,2,1,0,1,11188,0.667949
10.1126/science.290.5500.2319,2,1,0,1,9955,0.670104
10.1109/21.97471,2,1,0,1,462,0.658353
10.1002/j.1556-6676.1992.tb01670.x,2,1,0,1,34,0.659257
10.3406/psy.1904.3675,2,1,0,1,480,0.658349
10.2307/2184371,2,1,0,1,228,0.658943
10.1007/978-3-662-04978-5,2,1,0,1,134,0.659889
10.1017/cbo9780511571312,2,1,0,1,3188,0.656535
10.1007/bf02084159,2,2,0,2,99,0.664038
10.1109/jproc.1995.481636,2,1,0,1,17,0.658782
10.1093/mind/xcix.393.53,2,1,0,1,124,0.659503
10.1016/s0160-2896(97)90011-8,2,1,0,1,689,0.659972
10.1016/s0160-2896(97)90014-3,2,1,0,1,917,0.658082
10.1080/09528138908953691,2,1,0,1,148,0.658279
10.1023/a:1008367325700,2,1,0,1,59,0.658417
10.1016/b978-0-12-293850-4.50022-4,2,1,0,1,72,0.659441
10.1145/224538.224567,2,1,0,1,21,0.659752
10.1007/3-540-44795-4_20,2,1,0,1,22,0.659649
10.1016/j.tcs.2007.05.016,2,1,0,1,59,0.65845
10.1109/72.554195,2,1,0,1,2354,0.62667
10.1162/neco.1995.7.6.1289,2,1,0,1,89,0.628406
10.1016/0031-3203(82)90024-3,2,1,0,1,564,0.630206
10.1162/neco.1993.5.3.419,2,1,0,1,26,0.629486
10.1109/5.18626,2,1,0,1,14625,0.623744
10.1007/978-1-4615-3210-1,2,1,0,1,486,0.630835
10.1109/5.156474,2,1,0,1,34,0.630331
10.1109/5.156477,2,1,0,1,278,0.630294
10.1109/78.175747,2,1,0,1,531,0.629361
10.1007/bf00116037,2,1,0,1,2196,0.628255
10.1162/neco.1992.4.6.888,2,1,0,1,372,0.631571
10.1007/bf02551274,2,1,0,1,10013,0.624865
10.1162/neco.1991.3.3.440,2,1,0,1,136,0.630356
10.1109/tc.1978.1675179,2,2,0,2,25,0.643379
10.1162/neco.1994.6.5.851,2,1,0,1,281,0.628967
10.1103/physreva.45.6056,2,1,0,1,376,0.629023
10.1007/978-1-4757-2440-0,2,1,0,1,17522,0.623819
10.1007/bf00115009,2,3,0,3,2376,0.642801
10.1007/bf00993306,2,2,0,2,382,0.636405
10.1007/bf00993978,2,1,0,1,71,0.608253
10.1016/b978-1-55860-377-6.50040-2,2,2,0,2,138,0.636434
10.1162/neco.1995.7.2.270,2,2,0,2,22,0.647403
10.1007/bf00114726,2,1,0,1,250,0.608704
10.1007/bf00992698,2,3,0,3,7892,0.62826
10.1162/neco.1994.6.6.1185,2,4,0,4,396,0.662937
10.1007/bf00114724,2,1,0,1,192,0.608974
10.1007/978-3-642-75894-2,2,2,0,2,884,0.647312
10.1136/jnnp.20.1.11,2,3,0,3,5158,0.668055
10.1016/j.conb.2006.03.013,2,1,0,1,479,0.662895
10.1038/297681a0,2,1,0,1,4514,0.6613
10.1038/13202,2,2,0,2,382,0.664269
10.1037/0033-295x.99.2.195,2,7,0,7,3813,0.667911
10.1038/nrn1607,2,2,0,2,1650,0.663996
10.1016/0028-3932(83)90005-2,2,1,0,1,127,0.664565
10.1111/j.1469-7580.2005.00421.x,2,2,0,2,620,0.664553
10.1016/j.tics.2007.02.005,2,1,0,1,574,0.659734
10.1126/science.1063530,2,2,0,2,547,0.664494
10.1016/j.tics.2007.09.001,2,3,0,3,513,0.661149
10.1038/nature05278,2,3,0,3,1490,0.650675
10.1126/science.1062856,2,6,0,6,785,0.662808
10.1016/s0896-6273(00)80987-3,2,1,0,1,941,0.663184
10.1016/0006-8993(86)91483-6,2,4,0,4,731,0.650568
10.1523/jneurosci.19-16-j0001.1999,2,1,0,1,292,0.660559
10.1016/0306-4522(89)90423-5,2,9,0,9,1385,0.710603
10.1016/0006-8993(71)90358-1,2,4,0,4,4631,0.668515
10.1016/0166-2236(87)90011-7,2,2,0,2,1021,0.618436
10.1146/annurev.ps.14.020163.000333,2,1,0,1,218,0.656461
10.1016/s0896-6273(01)00424-x,2,1,0,1,532,0.655629
10.1523/jneurosci.3002-07.2007,2,1,0,1,141,0.657912
10.1038/nn2070,2,1,0,1,417,0.658427
10.1146/annurev.psych.56.091103.070229,2,1,0,1,1110,0.657256
10.1146/annurev.neuro.28.061604.135722,2,1,0,1,1125,0.659571
10.1007/s00213-006-0578-x,2,2,0,2,1720,0.663461
10.1016/j.brainresrev.2007.10.007,2,1,0,1,186,0.655912
10.1038/35083586,2,1,0,1,475,0.656771
10.1016/j.tics.2005.05.010,2,1,0,1,253,0.657918
10.1523/jneurosci.22-21-09475.2002,2,2,0,2,1288,0.663034
10.1038/nn1683,2,1,0,1,300,0.655754
10.1038/22268,2,1,0,1,1252,0.656233
10.1146/annurev.neuro.25.112701.142922,2,2,0,2,1029,0.662941
10.1146/annurev.neuro.22.1.319,2,4,0,4,1256,0.668824
10.1146/annurev.neuro.29.051605.113038,2,1,0,1,3039,0.656343
10.1038/346174a0,2,2,0,2,695,0.662698
10.1523/jneurosci.12-12-04745.1992,2,3,0,3,1553,0.671273
10.1523/jneurosci.16-04-01486.1996,2,1,0,1,653,0.657276
10.3758/cabn.8.4.429,2,1,0,1,441,0.657524
10.1016/0010-0285(91)90016-h,2,1,0,1,459,0.663047
10.1037/h0043805,2,1,0,1,1319,0.663174
10.1037/0096-3445.111.4.369,2,3,0,3,42,0.661652
10.1007/s004220050407,2,1,0,1,18,0.664178
10.1046/j.1460-9568.1999.00530.x,2,2,0,2,71,0.663842
10.1046/j.1460-9568.1999.00531.x,2,2,0,2,134,0.650486
10.1016/s0042-6989(00)00083-3,2,1,0,1,113,0.66494
10.1126/science.291.5502.312,2,1,0,1,857,0.661172
10.1016/s0960-9822(95)00108-4,2,4,0,4,669,0.675861
10.1146/annurev.ne.19.030196.000545,2,3,0,3,1029,0.669886
10.1016/s0960-9822(06)00291-0,2,1,0,1,166,0.66348
10.1038/72140,2,1,0,1,993,0.664494
10.1037/0096-3445.115.1.39,2,1,0,1,1629,0.661283
10.1152/jn.1971.34.5.920,2,2,0,2,359,0.665046
10.1073/pnas.94.7.3408,2,1,0,1,463,0.663273
10.1523/jneurosci.21-04-01340.2001,2,1,0,1,185,0.665985
10.1016/s0010-0277(98)00016-x,2,1,0,1,132,0.66381
10.1016/0042-6989(80)90128-5,2,1,0,1,1171,0.663515
10.1038/nn.2599,2,1,0,1,677,0.6581
10.1016/s0896-6273(00)80629-7,2,3,0,3,824,0.641207
10.1073/pnas.0437938100,2,3,0,3,775,0.641378
10.1016/j.neuron.2004.08.031,2,3,0,3,773,0.645821
10.1016/j.neuron.2009.01.011,2,1,0,1,257,0.658492
10.1126/science.8036517,2,6,0,6,2462,0.663252
10.1016/s0896-6273(02)01096-6,2,3,0,3,1081,0.651891
10.1038/nn1825,2,6,0,6,1372,0.680066
10.1016/j.neuron.2004.10.007,2,4,0,4,565,0.649782
10.1038/nn.2384,2,1,0,1,1262,0.657373
10.1002/hipo.20707,2,1,0,1,682,0.657417
10.1126/science.1138581,2,4,0,4,977,0.676759
10.1126/science.1179013,2,1,0,1,435,0.656911
10.1038/nn.2744,2,1,0,1,283,0.659396
10.1016/j.neuron.2009.07.027,2,1,0,1,730,0.657445
10.1146/annurev.neuro.31.061307.090723,2,1,0,1,1466,0.656727
10.1152/jn.00404.2011,2,1,0,1,44,0.657432
10.1016/0022-247x(65)90154-x,2,5,0,5,485,0.670727
10.1016/0890-5401(92)90048-k,2,2,0,2,307,0.66226
10.1016/0004-3702(94)00086-g,2,1,0,1,76,0.661295
10.1287/opre.32.5.1107,2,2,0,2,100,0.650231
10.1007/bf02283610,2,1,0,1,48,0.661586
10.1109/tssc.1966.300074,2,1,0,1,559,0.659747
10.1016/0004-3702(94)00087-h,2,2,0,2,107,0.662487
10.1007/bf02055574,2,2,0,2,343,0.663067
10.1287/mnsc.28.1.1,2,4,0,4,576,0.669265
10.1613/jair.277,2,1,0,1,70,0.662093
10.1287/opre.21.5.1071,2,4,0,4,822,0.669216
10.1287/opre.26.2.282,2,3,0,3,346,0.661953
10.1016/0167-6377(90)90022-w,2,1,0,1,45,0.66324
10.1007/bf00934845,2,2,0,2,33,0.663768
10.1007/bf02204836,2,1,0,1,109,0.665321
10.1287/opre.37.5.791,2,3,0,4,38,0.661462
10.1016/0304-3975(95)00188-3,2,1,0,1,311,0.662742
10.1016/0166-2236(93)90081-v,3,1,0,1,616,0.647149
10.1038/347069a0,3,1,0,1,677,0.6479
10.1038/320172a0,3,2,0,2,693,0.64995
10.1523/jneurosci.10-03-00909.1990,3,1,0,1,386,0.646658
10.1038/346724a0,3,1,0,1,529,0.646354
10.1016/0022-510x(73)90175-5,3,1,0,1,2158,0.64628
10.1073/pnas.90.17.8277,3,1,0,1,47,0.647106
10.1523/jneurosci.02-01-00032.1982,3,1,0,1,2206,0.648367
10.1038/361031a0,3,4,0,4,9326,0.657736
10.1113/jphysiol.1973.sp010273,3,4,0,4,5048,0.668999
10.1016/0014-2999(91)90505-k,3,1,0,1,515,0.646486
10.1038/315409a0,3,1,0,1,113,0.646209
10.1073/pnas.86.20.8113,3,1,0,1,156,0.647696
10.1016/0896-6273(92)90104-l,3,1,0,1,1476,0.646942
10.1016/s0166-4328(05)80288-8,3,1,0,1,10,0.645568
10.7551/mitpress/2010.001.0001,3,1,0,1,808,0.64671
10.1038/332444a0,3,1,0,1,232,0.647317
10.1073/pnas.84.12.4342,3,1,0,1,256,0.647766
10.1038/337129a0,3,1,0,1,474,0.646975
10.1001/archneur.1985.04060030081013,3,1,0,1,339,0.647642
10.1038/366059a0,3,1,0,1,536,0.65825
10.1523/jneurosci.15-03-01617.1995,3,1,0,1,427,0.656786
10.3758/bf03200017,3,1,0,1,27,0.657356
10.3758/bf03200062,3,1,0,1,21,0.660472
10.3758/bf03197899,3,1,0,1,12,0.65527
10.1007/bf00172219,3,1,0,1,135,0.657539
10.1007/978-1-4615-2814-2_4,3,1,0,1,95,0.657546
10.1126/science.1887231,3,1,0,1,217,0.65921
10.2307/1936663,3,1,0,1,166,0.656053
10.2307/1938384,3,1,0,1,80,0.660024
10.2307/1938299,3,1,0,1,17,0.657298
10.1038/275027a0,3,2,0,2,464,0.666287
10.1073/pnas.72.2.710,3,1,0,1,120,0.657445
10.1007/bf00218409,3,1,0,1,52,0.661343
10.1007/bf00217108,3,1,0,1,65,0.660584
10.1523/jneurosci.15-01-00342.1995,3,1,0,1,140,0.660051
10.1523/jneurosci.13-03-00900.1993,3,1,0,1,967,0.655055
10.1109/tsmc.1983.6313077,3,3,0,3,2123,0.666867
10.1016/0006-8993(92)90110-u,3,1,0,1,215,0.663289
10.1016/0306-4522(89)90354-0,3,1,0,1,497,0.657878
10.1523/jneurosci.03-08-01599.1983,3,1,0,1,191,0.657045
10.1016/0896-6273(93)90304-a,3,1,0,1,374,0.658516
10.1016/0306-4522(89)90353-9,3,1,0,1,348,0.661537
10.1016/0006-8993(87)90988-7,3,1,0,1,134,0.659894
10.1038/scientificamerican1269-98,3,1,0,1,124,0.662928
10.1016/s0079-6123(08)63818-2,3,1,0,1,99,0.657322
10.1152/physrev.1992.72.1.165,3,1,0,1,2069,0.659388
10.1016/s0079-6123(08)63837-6,3,1,0,1,54,0.661278
10.1016/0006-8993(91)90140-q,3,1,0,1,28,0.664493
10.1152/jn.1992.67.1.145,3,1,0,1,742,0.656943
10.1002/cne.902140206,3,1,0,1,1682,0.656122
10.1016/0006-8993(89)90210-2,3,1,0,1,121,0.658713
10.1016/0014-4886(76)90089-3,3,1,0,1,169,0.662897
10.1016/s0079-6123(08)63051-4,3,1,0,1,10,0.664733
10.1016/0165-0173(87)90011-7,3,2,0,2,810,0.665943
10.1016/0091-3057(83)90261-7,3,1,0,1,69,0.659124
10.1016/0006-8993(81)90177-3,3,1,0,1,70,0.659938
10.1007/bf00421062,3,1,0,1,280,0.659345
10.1016/0006-8993(75)90233-4,3,1,0,1,1493,0.660564
10.1016/0014-2999(76)90352-6,3,1,0,1,590,0.660901
10.1007/bf00426456,3,1,0,1,117,0.661786
10.1016/0091-3057(85)90574-x,3,1,0,1,78,0.660788
10.1037/h0058775,3,1,0,1,2152,0.654377
10.1016/0022-3956(71)90033-1,3,1,0,1,49,0.658516
10.1016/0006-8993(77)91015-0,3,1,0,1,16,0.65584
10.1037/h0040694,3,2,0,2,182,0.651692
10.3758/bf03326894,3,1,0,1,16,0.658647
10.1016/0091-3057(84)90104-7,3,1,0,1,124,0.660036
10.1016/0006-8993(89)91400-5,3,1,0,1,63,0.65877
10.1126/science.1114313,3,1,0,1,435,0.65648
10.1007/bf00428151,3,1,0,1,439,0.659662
10.1016/0304-3940(87)90451-4,3,1,0,1,231,0.661516
10.1016/0091-3057(89)90019-1,3,1,0,1,104,0.659273
10.1097/00008877-199000140-00009,3,1,0,1,156,0.660509
10.1016/0091-3057(80)90166-5,3,2,0,2,573,0.651644
10.1016/0091-3057(75)90091-x,3,1,0,1,13,0.660014
10.1037/0735-7044.104.1.177,3,1,0,1,207,0.658623
10.1016/0091-3057(86)90092-4,3,1,0,1,61,0.660686
10.1016/0091-3057(74)90085-9,3,1,0,1,127,0.662008
10.1016/0091-3057(76)90205-7,3,1,0,1,20,0.663817
10.1037/h0083703,3,1,0,1,107,0.657504
10.1523/jneurosci.09-10-03400.1989,3,1,0,1,149,0.664208
10.1038/266556a0,3,1,0,1,391,0.662914
10.1007/bf00433088,3,2,0,2,29,0.650351
10.1016/0014-2999(90)90540-m,3,1,0,1,34,0.660112
10.1037/h0036330,3,3,0,3,419,0.664795
10.1037/h0033120,3,2,0,2,714,0.651419
10.1016/0006-8993(87)91327-8,3,1,0,1,105,0.664041
10.1007/978-1-4612-4812-5_14,3,1,0,1,25,0.661342
10.1016/0165-0270(80)90016-3,3,1,0,1,56,0.661564
10.1016/0024-3205(81)90148-x,3,1,0,1,416,0.661607
10.1126/science.6324347,3,1,0,1,213,0.661409
10.1016/0006-8993(81)90962-8,3,1,0,1,15,0.660885
10.1016/0006-8993(83)91232-5,3,1,0,1,79,0.660362
10.1111/j.1471-4159.1989.tb09224.x,3,2,0,2,926,0.664045
10.1016/0304-3940(90)90141-u,3,1,0,1,101,0.662066
10.1111/j.1471-4159.1992.tb10033.x,3,1,0,1,178,0.659461
10.1097/00008877-199410000-00001,3,1,0,1,82,0.660534
10.1007/bf00442800,3,1,0,1,169,0.657947
10.1016/0014-2999(91)90214-b,3,1,0,1,112,0.658766
10.1097/00008877-199308000-00009,3,1,0,1,16,0.659384
10.1016/0006-8993(89)90251-5,3,1,0,1,121,0.661184
10.1146/annurev.ne.09.030186.002041,3,2,0,2,6642,0.662642
10.1016/0306-4522(88)90217-5,3,1,0,1,1019,0.655516
10.1016/0091-3057(85)90014-0,3,1,0,1,63,0.660864
10.1126/science.7188649,3,1,0,1,445,0.659261
10.1016/0091-3057(85)90372-7,3,1,0,1,61,0.660181
10.1007/bf00429279,3,1,0,1,104,0.658122
10.1111/j.1476-5381.1972.tb06866.x,3,1,0,1,368,0.660648
10.1016/0028-3908(75)90129-x,3,1,0,1,74,0.658886
10.1016/0031-9384(86)90409-9,3,1,0,1,40,0.656473
10.1016/0091-3057(89)90298-0,3,1,0,1,20,0.656859
10.1038/npp.1993.3,3,1,0,1,40,0.661064
10.1007/bf02244208,3,1,0,1,281,0.657727
10.1016/0014-2999(70)90006-3,3,2,0,2,890,0.647416
10.1016/0006-8993(70)90186-1,3,1,0,1,113,0.649407
10.1016/0006-2952(73)90147-0,3,1,0,1,130,0.651699
10.1111/j.1476-5381.1971.tb07177.x,3,1,0,1,67,0.651124
10.1016/0006-8993(74)90647-7,3,2,0,2,76,0.650763
10.1016/0006-8993(72)90734-2,3,2,0,2,218,0.651845
10.1016/0006-8993(72)90735-4,3,2,0,2,186,0.651312
10.1016/0024-3205(66)90006-3,3,2,0,2,50,0.651033
10.1007/bf00403900,3,1,0,1,831,0.649987
10.1111/j.1476-5381.1973.tb08194.x,3,1,0,1,100,0.650924
10.1016/0028-3908(73)90120-2,3,1,0,1,184,0.651808
10.1007/bf00505669,3,2,0,2,98,0.65215
10.1126/science.179.4073.575,3,1,0,1,173,0.649283
10.1016/0024-3205(63)90087-0,3,1,0,1,71,0.651404
10.1037/h0035289,3,1,0,1,127,0.650669
10.1016/0006-8993(71)90182-x,3,1,0,1,32,0.650797
10.1016/0014-4886(74)90089-2,3,1,0,1,25,0.650581
10.1037/h0027655,3,2,0,2,177,0.650375
10.1016/0014-2999(72)90132-x,3,1,0,1,146,0.650159
10.1016/0006-8993(76)90078-0,3,2,0,2,312,0.66405
10.1111/j.1471-4159.1974.tb06061.x,3,1,0,1,66,0.658122
10.1038/254439a0,3,1,0,1,42,0.654364
10.1016/s0021-9673(01)96577-x,3,1,0,1,67,0.658156
10.1016/0006-8993(74)90618-0,3,1,0,1,233,0.654978
10.1126/science.184.4133.177,3,1,0,1,250,0.657111
10.1016/0006-8993(74)90947-0,3,1,0,1,422,0.658123
10.1152/ajplegacy.1975.229.6.1547,3,1,0,1,89,0.657272
10.1016/0006-8993(76)90500-x,3,1,0,1,47,0.660267
10.1016/0361-9230(76)90110-6,3,2,0,2,33,0.66492
10.1016/0091-3057(76)90018-6,3,2,0,2,34,0.66365
10.1016/0361-9230(77)90006-5,3,1,0,1,28,0.658638
10.1016/0006-8993(76)90615-6,3,1,0,1,89,0.656683
10.1016/0006-8993(73)90795-6,3,1,0,1,44,0.658401
10.1016/s0091-6773(72)80218-9,3,2,0,2,89,0.664291
10.1037/h0030927,3,1,0,1,85,0.658325
10.1016/0006-8993(76)90797-6,3,1,0,1,29,0.657082
10.1126/science.184.4143.1243,3,1,0,1,706,0.658272
10.1037/h0026767,3,1,0,1,199,0.657383
10.1007/bf00421222,3,1,0,1,40,0.660195
10.1016/0091-3057(76)90200-8,3,1,0,1,151,0.659144
10.1016/0006-8993(69)90003-1,3,1,0,1,690,0.660244
10.1016/0006-8993(77)90960-x,3,1,0,1,90,0.658692
10.1016/0304-3940(75)90036-1,3,1,0,1,24,0.656913
10.1037/h0081676,3,1,0,1,156,0.656572
10.1016/0091-3057(74)90103-8,3,1,0,1,73,0.656781
10.1016/0091-3057(73)90083-x,3,1,0,1,25,0.660735
10.1007/bf00422799,3,1,0,1,79,0.659246
10.1007/bf00421431,3,1,0,1,35,0.658424
10.1016/0006-8993(71)90272-1,3,1,0,1,79,0.6618
10.1016/0304-3940(77)90018-0,3,1,0,1,10,0.665067
10.1016/0031-9384(74)90313-8,3,1,0,1,108,0.660696
10.1016/0006-8993(75)90885-9,3,1,0,1,30,0.663133
10.1016/0006-8993(76)90007-x,3,1,0,1,148,0.660327
10.1016/0006-8993(77)91025-3,3,1,0,1,23,0.661409
10.1016/0006-8993(77)90047-6,3,2,0,2,65,0.651716
10.1016/0006-8993(79)90461-x,3,1,0,1,110,0.661142
10.1037/h0077391,3,1,0,1,77,0.664191
10.1002/cne.901800310,3,1,0,1,998,0.660947
10.1016/0304-3940(78)90160-x,3,1,0,1,127,0.661108
10.1146/annurev.pa.18.040178.000345,3,1,0,1,250,0.659525
10.1007/bf00428696,3,1,0,1,199,0.658591
10.1037/h0077500,3,1,0,1,178,0.657936
10.1016/0006-8993(76)90809-x,3,1,0,1,259,0.661
10.1016/0091-3057(78)90361-1,3,1,0,1,150,0.662814
10.1007/bf00401545,3,1,0,1,237,0.654494
10.1007/978-1-4684-2394-5_7,3,1,0,1,38,0.653526
10.1016/0165-0173(79)90017-1,3,1,0,1,257,0.654937
10.1016/0166-2236(79)90022-5,3,1,0,1,44,0.654335
10.1016/s0031-6997(25)06839-5,3,1,0,1,396,0.654773
10.1037/h0041029,3,1,0,1,1473,0.655537
10.1016/s0091-3057(80)80033-5,3,1,0,1,261,0.653593
10.1007/bf00403631,3,1,0,1,42,0.653881
10.1007/bf00492365,3,1,0,1,40,0.655278
10.1016/0006-8993(73)90045-0,3,1,0,1,81,0.654673
10.1126/science.173.4002.1103,3,1,0,1,1138,0.654645
10.1017/s0140525x00009869,3,1,0,1,360,0.654551
10.1001/archpsyc.1971.01750080089015,3,1,0,1,44,0.653945
10.1901/jeab.1980.34-219,3,1,0,1,699,0.65543
10.1126/science.7244622,3,1,0,1,141,0.654746
10.1016/0091-3057(81)90225-2,3,2,0,2,74,0.652673
10.3758/bf03335333,3,1,0,1,65,0.649554
10.1016/0024-3205(81)90314-3,3,1,0,1,44,0.648318
10.1016/0006-8993(81)90187-6,3,1,0,1,32,0.648546
10.1016/0091-3057(78)90296-4,3,1,0,1,45,0.649053
10.1016/0091-3057(75)90121-5,3,1,0,1,19,0.649034
10.1016/0091-3057(82)90434-8,3,1,0,1,19,0.648322
10.1126/science.850798,3,1,0,1,28,0.648353
10.3758/bf03332973,3,2,0,2,14,0.650077
10.1111/j.1476-5381.1981.tb09967.x,3,1,0,1,40,0.648467
10.1016/0091-3057(80)90051-9,3,1,0,1,68,0.648638
10.1007/bf00426515,3,1,0,1,43,0.649234
10.1007/bf00432132,3,2,0,2,101,0.648938
10.1016/0091-3057(81)90110-6,3,1,0,1,55,0.64891
10.1016/0091-3057(83)90290-3,3,2,0,2,29,0.650361
10.1017/s0140525x00059380,3,3,0,3,559,0.660209
10.1038/215375a0,3,1,0,1,31,0.64885
10.1007/bf00432676,3,1,0,1,131,0.655867
10.1016/0014-2999(74)90109-5,3,1,0,1,233,0.65529
10.1016/0091-3057(81)90208-2,3,1,0,1,150,0.655562
10.1016/0006-8993(79)90206-3,3,1,0,1,96,0.655843
10.1192/bjp.137.4.379,3,1,0,1,164,0.656877
10.1007/bf00401511,3,1,0,1,65,0.655099
10.1016/0024-3205(81)90157-0,3,1,0,1,242,0.655298
10.1016/0014-2999(71)90121-x,3,1,0,1,339,0.654752
10.1001/archpsyc.1972.01750260021004,3,1,0,1,351,0.655362
10.1016/0091-3057(73)90091-9,3,1,0,1,166,0.656117
10.1126/science.566469,3,1,0,1,495,0.656731
10.1016/s0022-3565(25)32116-6,3,1,0,1,46,0.656026
10.1037/h0081662,3,1,0,1,373,0.657378
10.1016/0091-3057(86)90392-8,3,1,0,1,79,0.657651
10.1016/0091-3057(86)90117-6,3,1,0,1,51,0.657952
10.1016/0091-3057(81)90196-9,3,1,0,1,46,0.659968
10.1016/0091-3057(86)90150-4,3,1,0,1,20,0.65772
10.1016/0091-3057(86)90389-8,3,1,0,1,45,0.658459
10.1016/0091-3057(79)90299-5,3,1,0,1,154,0.657431
10.1016/0361-9230(89)90224-4,3,1,0,1,153,0.661393
10.1007/bf00432512,3,1,0,1,27,0.657018
10.1016/0091-3057(86)90348-5,3,1,0,1,11,0.659177
10.1016/0091-3057(80)90453-0,3,1,0,1,101,0.660944
10.1016/0006-8993(86)90598-6,3,1,0,1,86,0.658365
10.1007/bf00735892,3,1,0,1,111,0.657771
10.1007/bf00310507,3,1,0,1,75,0.660412
10.1007/bf00432775,3,1,0,1,143,0.661589
10.1038/228477a0,3,1,0,1,773,0.673559
10.1103/revmodphys.34.135,3,1,0,1,58,0.674178
10.1109/tssc.1969.300225,3,2,0,2,214,0.64933
10.1007/bf00571695,3,1,0,1,20,0.673615
10.1113/jphysiol.1959.sp006308,3,2,0,2,3426,0.670271
10.1007/bf00288907,3,1,0,1,1131,0.674793
10.1113/jphysiol.1969.sp008820,3,2,0,2,2567,0.669633
10.1098/rspb.1970.0040,3,1,0,1,282,0.673914
10.1007/bf00234062,3,1,0,1,116,0.659297
10.1113/jphysiol.1964.sp007463,3,1,0,1,624,0.659843
10.1113/jphysiol.1962.sp006991,3,1,0,1,181,0.660404
10.1007/bf00234129,3,1,0,1,491,0.659203
10.1093/brain/49.1.1,3,1,0,1,130,0.659829
10.1016/0006-8993(75)90749-0,3,1,0,1,87,0.661104
10.1016/0006-8993(72)90344-7,3,1,0,1,1382,0.66003
10.1016/0006-8993(74)90607-6,3,1,0,1,153,0.660347
10.1002/cne.901600302,3,1,0,1,335,0.658589
10.1016/0006-8993(67)90166-7,3,1,0,1,1484,0.660161
10.1016/0006-8993(73)90782-8,3,1,0,1,47,0.658939
10.1002/cne.901630106,3,1,0,1,525,0.659317
10.1113/jphysiol.1977.sp011863,3,1,0,1,482,0.660653
10.1002/ar.1091580313,3,1,0,1,36,0.659567
10.1016/0014-4886(73)90040-x,3,1,0,1,91,0.658784
10.1002/cne.901280104,3,1,0,1,340,0.659037
10.1002/cne.901440106,3,1,0,1,251,0.659751
10.1007/bf00335403,3,1,0,1,97,0.659295
10.1002/cne.901390403,3,1,0,1,233,0.659675
10.1152/jn.1972.35.4.518,3,1,0,1,264,0.658986
10.1090/trans2/017/10,3,1,0,1,224,0.692879
10.1016/b978-0-934613-41-5.50014-3,3,3,0,3,104,0.66443
10.1007/bf00317987,3,3,0,3,19,0.665701
10.3758/bf03205056,3,2,0,2,51,0.655413
10.1016/0166-4328(86)90092-6,3,2,0,2,73,0.656815
10.21236/ada164453,3,2,0,2,2857,0.656997
10.21236/ad0241531,3,2,0,2,1111,0.657365
10.1016/s0019-9958(77)90354-0,3,3,0,3,103,0.666815
10.1162/neco.1989.1.1.1,3,2,0,2,334,0.663152
10.1145/76359.76371,3,3,0,3,1124,0.66615
10.1016/0004-3702(74)90027-7,3,1,0,1,19,0.659088
10.1016/0004-3702(88)90076-8,3,1,0,1,53,0.660283
10.1214/aoms/1177729586,3,3,0,3,6137,0.657878
10.1147/rd.116.0601,3,1,0,1,441,0.658985
10.1137/1116025,3,3,0,3,2062,0.665711
10.1109/proc.1976.10286,3,1,0,1,1218,0.660416
10.1287/mnsc.23.8.853,3,1,0,1,10,0.659363
10.1023/a:1020281327116,3,1,0,1,1560,0.668003
10.1007/bf00992696,3,1,0,1,3438,0.661986
10.1109/robot.2007.363633,3,1,0,1,13,0.665751
10.1109/robot.2002.1014739,3,2,0,2,490,0.668571
10.1016/j.robot.2004.03.003,3,1,0,1,313,0.666497
10.1109/iros.2005.1545257,3,1,0,1,31,0.667897
10.1109/iros.2006.282564,3,1,0,1,277,0.664911
10.1016/s0079-6123(06)65027-9,3,1,0,1,205,0.665207
10.5040/9781492596844,3,1,0,1,211,0.668762
10.1109/iros.2004.1389957,3,1,0,1,19,0.66563
10.1109/iros.1996.569012,3,1,0,1,45,0.654335
10.1007/3-540-64473-3_49,3,1,0,1,102,0.655064
10.1093/mind/lix.236.433,3,1,0,1,7486,0.658182
10.1109/iros.1996.568989,3,1,0,1,47,0.65533
10.1023/a:1022699900025,3,1,0,1,533,0.655695
10.1007/bf00198086,3,1,0,1,828,0.664429
10.1126/science.3975635,3,1,0,1,801,0.662519
10.1007/s004220050408,3,1,0,1,143,0.664778
10.1163/156855300x00061,3,1,0,1,48,0.662847
10.1007/978-1-4615-3618-5,3,1,0,1,273,0.665725
10.1080/00222895.1988.10735430,3,1,0,1,51,0.666185
10.1023/a:1006559212014,3,1,0,1,953,0.664386
10.1023/a:1006511328852,3,1,0,1,169,0.664308
10.1109/robot.2000.846414,3,1,0,1,55,0.664351
10.1162/jocn.1993.5.4.408,3,1,0,1,244,0.665221
10.1162/neco.1997.9.2.271,3,1,0,1,93,0.668831
10.1177/027836499301200101,3,1,0,1,235,0.667592
10.1002/0471781819,3,1,0,1,474,0.667158
10.1002/rob.4620060203,3,1,0,1,175,0.668176
10.1207/s15516709cog1603_1,3,1,0,1,776,0.665798
10.1613/jair.301,3,1,0,1,5324,0.662107
10.1109/tmech.2005.848290,3,1,0,1,97,0.668589
10.1109/jra.1987.1087068,3,1,0,1,2289,0.663921
10.1023/a:1015727715131,3,1,0,1,176,0.667703
10.1002/0471722138,3,1,0,1,1171,0.668302
10.1109/robot.2000.844073,3,1,0,1,78,0.667481
10.1017/cbo9780511665479,3,1,0,1,328,0.662629
10.1162/089976605774320557,3,1,0,1,392,0.666089
10.1023/a:1013258808932,3,1,0,1,54,0.66816
10.1162/089976698300017746,3,1,0,1,1866,0.665069
10.21236/ada280862,3,1,0,1,50,0.664086
10.1162/neco.1997.9.2.349,3,1,0,1,149,0.665672
10.1613/jair.806,3,1,0,1,310,0.664792
10.1613/jair.807,3,1,0,1,69,0.666292
10.1162/neco.2007.12-05-077,3,1,0,1,81,0.666193
10.1109/ijcnn.1992.287219,3,1,0,1,15,0.664627
10.1016/s0921-8890(97)00043-2,3,1,0,1,115,0.666548
10.1016/j.conb.2005.10.011,3,1,0,1,373,0.670377
10.1287/ijoc.14.3.192.113,3,1,0,1,631,0.663888
10.1145/318371.318612,3,1,0,1,50,0.667347
10.1145/84537.84552,3,1,0,1,208,0.664065
10.1163/156855307782148550,3,1,0,1,85,0.666321
10.1016/0893-6080(90)90056-q,3,1,0,1,228,0.667351
10.1007/3-540-44581-1_40,3,1,0,1,13,0.661891
10.1287/mnsc.45.11.1570,3,1,0,1,65,0.664581
10.1109/robot.2004.1307456,3,1,0,1,319,0.667612
10.1109/iros.2005.1545206,3,1,0,1,38,0.668711
10.1016/0893-6080(90)90006-7,3,1,0,1,266,0.667128
10.1016/0893-6080(88)90003-2,3,1,0,1,1296,0.669169
10.1007/3-540-64473-3_74,3,1,0,1,15,0.664137
10.1007/3-540-48422-1_28,3,1,0,1,34,0.66369
10.1613/jair.575,3,1,0,1,331,0.659058
10.1613/jair.639,3,1,0,1,662,0.659976
10.1007/3-540-64473-3_76,3,1,0,1,42,0.660191
10.1002/9780470316887,3,1,0,1,4397,0.656911
10.1007/3-540-45324-5_40,3,1,0,1,27,0.665728
10.7551/mitpress/4151.001.0001,3,1,0,1,174,0.66546
10.1007/3-540-45603-1_22,3,1,0,1,13,0.662822
10.1007/3-540-45324-5_23,3,1,0,1,11,0.661083
10.1007/3-540-48422-1_21,3,1,0,1,22,0.664336
10.1016/s0004-3702(99)00052-1,3,1,0,1,1530,0.663542
10.1162/neco.1994.6.2.215,3,1,0,1,439,0.659552
10.1207/s15516709cog0901_7,3,4,0,4,2120,0.663556
10.1038/scientificamerican0680-64,3,1,0,1,25,0.661529
10.1016/0893-6080(88)90023-8,3,1,0,1,803,0.662161
10.1007/bf00336991,3,1,0,1,52,0.660078
10.1038/333452a0,3,1,0,1,284,0.661544
10.1016/0022-2836(88)90564-5,3,2,0,2,916,0.651576
10.1016/s0885-2308(86)80008-0,3,2,0,2,62,0.649507
10.1038/323533a0,3,3,0,3,20872,0.659747
10.1007/978-1-4757-3437-9_17,3,1,0,1,26,0.667211
10.1109/afgr.2002.1004124,3,1,0,1,116,0.664721
10.1023/a:1008078328650,3,1,0,1,3628,0.660589
10.1109/iros.2000.895274,3,1,0,1,133,0.66515
10.1007/978-3-540-45135-8_14,3,1,0,1,19,0.667631
10.1007/3-540-45327-x_13,3,1,0,1,18,0.668296
10.1109/pgec.1967.264666,3,2,0,2,341,0.656921
10.1109/tpami.1986.4767769,3,1,0,1,738,0.657531
10.1162/neco.1993.5.1.140,3,1,0,1,98,0.659822
10.1016/0893-6080(91)90040-c,3,1,0,1,55,0.660716
10.1109/18.256500,3,1,0,1,1967,0.661658
10.1038/355161a0,3,1,0,1,297,0.661748
10.1002/j.1538-7305.1948.tb01340.x,3,1,0,1,712,0.660323
10.1016/0893-6080(89)90014-2,3,2,0,2,896,0.648345
10.1007/978-3-642-49207-5,3,1,0,1,44,0.660906
10.1007/978-1-4757-2249-9,3,1,0,1,518,0.660633
10.1007/978-1-4612-0877-8,3,1,0,1,170,0.659904
10.1162/neco.1994.6.4.696,3,1,0,1,10,0.66092
10.1109/18.42184,3,1,0,1,58,0.661534
10.1109/tit.1979.1056067,3,1,0,1,687,0.661091
10.1080/01621459.1989.10478797,3,4,0,4,817,0.653747
10.1126/science.7761831,3,2,0,2,567,0.639358
10.1162/neco.1994.6.6.1262,3,1,0,1,118,0.659972
10.1017/9781139171809,3,1,0,1,35,0.659814
10.1109/18.256488,3,1,0,1,70,0.660546
10.1088/0954-898x_4_4_001,3,1,0,1,64,0.661204
10.1007/bf00332918,3,1,0,1,920,0.646862
10.2307/2289282,3,1,0,1,527,0.64565
10.1109/83.465101,3,1,0,1,65,0.645505
10.1109/t-c.1971.223208,3,1,0,1,241,0.644448
10.1016/0893-6080(89)90003-8,3,2,0,2,3191,0.64316
10.1103/physreva.41.5325,3,1,0,1,27,0.645645
10.1002/aic.690370209,3,3,0,3,2283,0.660056
10.1007/bf00275687,3,1,0,1,1771,0.646481
10.1142/s0129065789000475,3,1,0,1,660,0.645642
10.1162/neco.1994.6.5.916,3,1,0,1,36,0.645519
10.1209/0295-5075/10/7/015,3,1,0,1,175,0.645047
10.1109/tassp.1985.1164557,3,1,0,1,2735,0.646042
10.1162/neco.1993.5.3.363,3,1,0,1,12,0.645581
10.1109/34.993558,3,1,0,1,4789,0.658493
10.1023/a:1012454411458,3,1,0,1,350,0.660209
10.1006/inco.1995.1136,3,1,0,1,1156,0.662333
10.2307/2287576,3,1,0,1,315,0.662198
10.1162/089976602760128018,3,1,0,1,3081,0.663658
10.1364/josaa.20.001434,3,1,0,1,1059,0.661115
10.1109/34.982899,3,1,0,1,37,0.659858
10.1016/0004-3702(92)90065-6,3,1,0,1,238,0.665122
10.1109/tip.2005.852470,3,1,0,1,207,0.662694
10.1016/0893-6080(89)90044-0,3,1,0,1,1183,0.66504
10.1162/jmlr.2003.4.7-8.1235,3,1,0,1,18,0.663039
10.1007/bf02293745,3,1,0,1,684,0.662426
10.1007/978-3-662-00784-6,3,1,0,1,1514,0.657913
10.1162/089976698300017953,3,2,0,2,933,0.650497
10.1016/s0031-3203(99)00078-3,3,1,0,1,33,0.662362
10.1016/0893-6080(94)90109-0,3,1,0,1,611,0.660795
10.1126/science.272.5270.1905,3,2,0,2,195,0.658498
10.1137/1.9780898719581,3,1,0,1,575,0.661039
10.1038/44565,3,1,0,1,10419,0.655633
10.1137/1.9781611970265,3,1,0,1,1058,0.660845
10.1126/science.1598577,3,1,0,1,448,0.656168
10.1126/science.210.4468.390,3,1,0,1,514,0.659324
10.1162/jocn.1991.3.1.71,3,1,0,1,9997,0.650249
10.1007/bf01421486,3,1,0,1,1381,0.659739
10.1126/science.1908118,3,1,0,1,103,0.657327
10.1121/1.395916,3,1,0,1,149,0.658907
10.1121/1.1912239,3,1,0,1,80,0.661726
10.1126/science.1857964,3,1,0,1,535,0.661219
10.1126/science.269.5224.676,3,1,0,1,6056,0.653412
10.1046/j.1365-8711.1998.01596.x,3,1,0,1,105,0.657928
10.1126/science.356262,3,1,0,1,403,0.655791
10.1038/326689a0,3,1,0,1,642,0.655544
10.1007/978-3-662-00784-6_5,3,1,0,1,18,0.657996
10.1016/0165-1684(94)90029-9,3,1,0,1,6062,0.655872
10.1162/neco.1995.7.6.1129,3,1,0,1,7025,0.656806
10.1126/science.1251207,3,1,0,1,161,0.657722
10.1098/rspb.1978.0020,3,1,0,1,1255,0.662402
10.1145/356924.356930,3,1,0,1,1541,0.661105
10.1016/0004-3702(81)90025-4,3,1,0,1,223,0.661882
10.1145/356869.356871,3,1,0,1,155,0.66099
10.1115/1.3426923,3,1,0,1,539,0.661095
10.1115/1.3426922,3,1,0,1,1621,0.659134
10.1109/2.29,3,1,0,1,336,0.662018
10.3138/9781487576752,3,1,0,1,188,0.662032
10.1016/0025-5564(71)90051-4,3,1,0,1,2024,0.661335
10.1016/0004-3702(87)90050-6,3,1,0,1,1382,0.661855
10.1145/356810.356816,3,1,0,1,838,0.661976
10.1016/b978-1-55860-092-8.50012-5,3,1,0,1,57,0.660859
10.1016/s0921-8890(05)80030-2,3,1,0,1,66,0.661656
10.1037/11494-000,3,1,0,1,4694,0.66159
10.1016/0025-5564(79)90063-4,3,1,0,1,115,0.663105
10.1007/978-94-009-7758-7,3,1,0,1,590,0.661593
10.1037/h0029767,3,1,0,1,62,0.667235
10.1037/0003-066x.38.2.175,3,1,0,1,55,0.665524
10.1002/j.1556-6676.1985.tb01015.x,3,1,0,1,11,0.667592
10.1146/annurev.ps.37.020186.000245,3,1,0,1,171,0.667339
10.1037/0033-2909.93.1.179,3,1,0,1,416,0.666691
10.1037/0021-9010.72.3.457,3,1,0,1,62,0.66806
10.1037/0003-066x.35.11.1012,3,1,0,1,479,0.667702
10.1037/0003-066x.36.10.1181,3,1,0,1,70,0.666444
10.1146/annurev.ps.29.020178.001143,3,1,0,1,54,0.669643
10.1007/bf02084158,3,1,0,1,1391,0.654128
10.1109/tit.1974.1055172,3,1,0,1,114,0.652887
10.1145/321832.321839,3,1,0,1,130,0.65488
10.1038/scientificamerican0575-47,3,1,0,1,446,0.653252
10.1145/321892.321894,3,3,0,3,527,0.674613
10.1147/rd.214.0350,3,1,0,1,223,0.654274
10.1002/cpa.3160310407,3,1,0,1,23,0.654227
10.1090/pspum/028.2/0432534,3,1,0,1,170,0.653532
10.1007/978-1-4613-9435-8_10,3,1,0,1,33,0.653553
10.1038/scientificamerican1179-20,3,1,0,1,32,0.654647
10.1080/00029890.1982.11995373,3,1,0,1,23,0.654942
10.1037/0003-066x.51.2.77,3,2,0,2,1644,0.66765
10.1037/h0038215,3,1,0,1,15,0.664491
10.1037/0003-066x.42.2.137,3,1,0,1,152,0.667954
10.1037/0033-2909.102.1.3,3,1,0,1,409,0.668838
10.1016/0001-8791(86)90017-5,3,1,0,1,27,0.666518
10.1111/j.1744-6570.1991.tb00688.x,3,1,0,1,5106,0.663179
10.1037/0021-9010.78.3.443,3,1,0,1,76,0.668117
10.1037/0021-9010.80.1.168,3,1,0,1,164,0.669821
10.1037/0021-9010.76.6.863,3,1,0,1,115,0.668841
10.5465/amr.1988.4306775,3,1,0,1,1038,0.664534
10.1016/s0160-2896(97)90012-x,3,1,0,1,99,0.66621
10.1037/0003-066x.50.11.928,3,1,0,1,253,0.66958
10.1037/0096-3445.115.3.255,3,1,0,1,160,0.668664
10.1016/s0160-2896(97)90017-9,3,1,0,1,65,0.670097
10.1037/0021-9010.65.6.697,3,1,0,1,36,0.666171
10.1016/0001-8791(86)90008-4,3,1,0,1,55,0.664813
10.1016/0001-8791(84)90018-6,3,1,0,1,21,0.668518
10.1037/0021-9010.68.4.602,3,1,0,1,36,0.668401
10.1016/0001-8791(86)90013-8,3,1,0,1,596,0.671356
10.1037/0033-2909.96.1.72,3,1,0,1,1175,0.666899
10.1037/0021-9010.75.1.28,3,1,0,1,205,0.668498
10.1017/s0140525x0000577x,3,1,0,1,12,0.668186
10.1017/s0140525x00001515,3,1,0,1,2016,0.662807
10.1017/s0140525x00059859,3,1,0,1,110,0.666544
10.1017/s0140525x00058611,3,1,0,1,320,0.666907
10.1017/s0140525x00001771,3,1,0,1,760,0.665983
10.1017/s0140525x0001921x,3,1,0,1,449,0.666119
10.1093/brain/88.2.237,3,1,0,1,2372,0.663611
10.1111/j.1749-6632.1976.tb25468.x,3,1,0,1,14,0.666005
10.1017/s0140525x00013959,3,1,0,1,75,0.661898
10.1017/s0031819100057983,3,1,0,1,375,0.667055
10.1109/18.720554,3,1,0,1,671,0.664508
10.1016/s0019-9958(75)90261-2,3,1,0,1,485,0.670573
10.1007/978-94-010-3578-1,3,1,0,1,25,0.665664
10.1007/978-3-642-67075-6,3,1,0,1,210,0.663824
10.1016/s0019-9958(67)91165-5,3,1,0,1,2322,0.663402
10.2307/2183532,3,1,0,1,781,0.664546
10.1145/141420.141422,3,1,0,1,57,0.662152
10.1007/978-1-4757-2606-0,3,2,0,2,1080,0.667542
10.1126/science.283.5398.77,3,1,0,1,749,0.665577
10.1109/18.481776,3,1,0,1,559,0.663823
10.1016/s0022-0000(73)80030-3,3,1,0,1,178,0.663996
10.1109/18.144706,3,1,0,1,247,0.668363
10.1016/s0893-6080(96)00127-x,3,1,0,1,89,0.665107
10.1016/s0019-9958(64)90223-2,3,2,0,2,1007,0.668642
10.1109/tit.1978.1055913,3,2,0,2,220,0.668112
10.1023/a:1007383707642,3,1,0,1,102,0.666753
10.1111/j.2517-6161.1979.tb01066.x,3,1,0,1,782,0.664905
10.1109/18.54897,3,1,0,1,296,0.665852
10.1109/tit.2005.844059,3,1,0,1,771,0.666299
10.2307/2981683,3,1,0,1,735,0.664415
10.1016/0304-3975(83)90139-1,3,1,0,1,44,0.663775
10.1006/jcss.2000.1743,3,1,0,1,16,0.664668
10.1109/tit.2003.814488,3,1,0,1,19,0.662948
10.1109/18.651051,3,1,0,1,33,0.666554
10.1080/01621459.1996.10477003,3,1,0,1,695,0.666423
10.1109/tit.1976.1055501,3,1,0,1,2125,0.666266
10.1109/18.720534,3,1,0,1,284,0.663788
10.1214/aos/1176346150,3,1,0,1,1096,0.665602
10.1142/s0129054102001291,3,1,0,1,50,0.667882
10.1023/b:mach.0000015880.99707.b2,3,1,0,1,71,0.666083
10.1109/acv.1994.341300,3,1,0,1,1315,0.664544
10.1109/cvpr.1994.323814,3,1,0,1,1116,0.662401
10.1117/12.191877,3,1,0,1,84,0.661602
10.1016/0031-3203(94)90081-7,3,1,0,1,67,0.663409
10.1007/bf00239352,3,2,0,2,940,0.660941
10.1007/3-540-60268-2_326,3,1,0,1,25,0.66195
10.1162/neco.1994.6.6.1289,3,1,0,1,250,0.666211
10.1162/neco.1995.7.5.867,3,1,0,1,252,0.664094
10.1109/5.58325,3,1,0,1,6148,0.660121
10.1016/0031-3203(94)90031-0,3,1,0,1,81,0.664605
10.1109/34.254061,3,2,0,2,1711,0.646944
10.1109/6.259484,3,1,0,1,221,0.66499
10.1109/icpr.1994.576879,3,1,0,1,345,0.665644
10.1109/5.381842,3,1,0,1,1706,0.661681
10.1109/tassp.1987.1165110,3,1,0,1,44,0.66459
10.1109/72.143371,3,1,0,1,255,0.665791
10.1109/cvpr.1996.517076,3,1,0,1,123,0.664062
10.1109/dcc.1993.253111,3,1,0,1,53,0.666155
10.1007/978-3-642-97610-0,3,1,0,1,3740,0.663888
10.1109/72.125866,3,1,0,1,119,0.663475
10.1016/0031-3203(91)90081-f,3,1,0,1,114,0.659021
10.1162/neco.1989.1.4.541,3,3,0,3,8548,0.671174
10.1109/34.57669,3,1,0,1,592,0.664207
10.1016/0031-3203(86)90025-7,3,2,0,2,93,0.662595
10.1016/0262-8856(87)90071-0,3,1,0,1,24,0.66442
10.1002/j.1538-7305.1983.tb03115.x,3,1,0,1,215,0.675994
10.1016/0167-6393(88)90053-2,3,1,0,1,70,0.669946
10.1109/icassp.1987.1169727,3,1,0,1,12,0.674782
10.1109/icassp.1986.1169179,3,1,0,1,415,0.671136
10.1016/s0885-2308(86)80009-2,3,1,0,1,305,0.673031
10.1109/icassp.1985.1168283,3,1,0,1,102,0.670465
10.1002/j.1538-7305.1985.tb00274.x,3,1,0,1,52,0.670898
10.1002/j.1538-7305.1985.tb00439.x,3,1,0,1,230,0.670763
10.1109/tassp.1985.1164586,3,1,0,1,65,0.66854
10.1016/s0885-2308(86)80021-3,3,1,0,1,30,0.67433
10.1109/tassp.1985.1164727,3,1,0,1,202,0.674988
10.1109/icassp.1987.1169604,3,1,0,1,21,0.67263
10.1109/icassp.1982.1171633,3,1,0,1,105,0.672922
10.1109/icassp.1987.1169731,3,1,0,1,10,0.671729
10.1109/icassp.1987.1169748,3,1,0,1,89,0.67432
10.1109/icassp.1985.1168477,3,1,0,1,126,0.679015
10.1090/s0002-9904-1967-11751-8,3,1,0,1,679,0.671555
10.1214/aoms/1177699147,3,1,0,1,1803,0.671268
10.1109/proc.1973.9030,3,1,0,1,4037,0.673083
10.1007/bf00133697,3,1,0,1,31,0.666665
10.1109/2.144438,3,1,0,1,39,0.662938
10.1007/bf01212455,3,1,0,1,158,0.66531
10.1109/tsmc.1979.4310076,3,1,0,1,30760,0.654991
10.1109/icpr.1990.118197,3,1,0,1,10,0.661064
10.1016/0734-189x(89)90116-3,3,1,0,1,146,0.663635
10.1145/357423.357428,3,1,0,1,37,0.662913
10.1109/cvpr.1992.223205,3,1,0,1,14,0.664218
10.1142/s0218001491000156,3,2,0,2,33,0.661913
10.1109/21.105083,3,1,0,1,28,0.66446
10.1016/0165-1684(86)90001-0,3,1,0,1,38,0.663585
10.1016/0165-1684(91)90050-s,3,1,0,1,14,0.663642
10.1142/9789814434362_0011,3,1,0,1,12,0.665627
10.1016/0031-3203(86)90027-0,3,1,0,1,28,0.663627
10.1016/0031-3203(88)90017-9,3,1,0,1,35,0.663263
10.1109/34.62612,3,1,0,1,13,0.662087
10.1007/bf01215877,3,1,0,1,29,0.660639
10.1016/0031-3203(80)90043-6,3,1,0,1,59,0.667528
10.1142/s0218001487000023,3,1,0,1,44,0.665243
10.1016/0165-1684(82)90021-4,3,1,0,1,29,0.665476
10.1016/0031-3203(70)90029-4,3,1,0,1,12,0.663791
10.1016/0031-3203(88)90041-6,3,1,0,1,42,0.662741
10.1109/tsmc.1977.4309763,3,1,0,1,69,0.660194
10.1109/proc.1980.11675,3,1,0,1,175,0.662528
10.1016/0031-3203(88)90068-4,3,1,0,1,105,0.668595
10.1109/icpr.1990.118143,3,1,0,1,41,0.663948
10.1111/j.1469-1809.1936.tb02137.x,3,1,0,1,10137,0.653859
10.4153/cjm-1954-037-2,3,1,0,1,383,0.660908
10.1109/pgec.1965.264207,3,1,0,1,144,0.660935
10.1109/tssc.1966.300080,3,1,0,1,31,0.658631
10.1109/nnsp.1991.239512,3,1,0,1,105,0.663335
10.1109/nnsp.1991.239540,3,1,0,1,24,0.664183
10.1109/tassp.1987.1165237,3,1,0,1,150,0.66458
10.1109/massp.1987.1165576,3,2,0,2,5218,0.657932
10.1109/jrproc.1961.287776,3,1,0,1,40,0.661229
10.1109/icnn.1988.23829,3,1,0,1,295,0.667955
10.1109/jrproc.1962.288194,3,1,0,1,89,0.660314
10.1109/29.1598,3,1,0,1,183,0.661357
10.1016/0022-0000(80)90041-0,3,1,0,1,384,0.66473
10.1016/0022-0000(79)90045-x,3,1,0,1,365,0.663427
10.1016/0020-0190(87)90114-1,3,1,0,1,660,0.661275
10.1016/0890-5401(89)90001-1,3,1,0,1,89,0.661895
10.1016/b978-0-08-094829-4.50028-3,3,1,0,1,24,0.667493
10.1080/01621459.1963.10500830,3,1,0,1,4253,0.665459
10.1145/28395.28426,3,1,0,1,133,0.660983
10.1145/73007.73049,3,1,0,1,136,0.66932
10.1145/48014.63140,3,1,0,1,331,0.659489
10.1145/1968.1972,3,3,0,3,3103,0.67322
10.2307/2282952,3,1,0,1,672,0.662824
10.1162/neco.1991.3.1.79,3,1,0,1,3085,0.659527
10.1162/neco.1989.1.2.281,3,1,0,1,3256,0.656578
10.1162/neco.1989.1.1.151,3,3,0,3,1087,0.673666
10.1109/37.1866,3,1,0,1,100,0.667318
10.1145/12130.12158,3,1,0,1,75,0.667509
10.5802/aif.474,3,1,0,1,96,0.67055
10.1109/ijcnn.1989.118639,3,1,0,1,96,0.675044
10.1137/0905013,3,1,0,1,101,0.67198
10.1109/29.1651,3,1,0,1,335,0.67169
10.1214/aos/1176349519,3,1,0,1,1069,0.672703
10.1090/pspum/028.2/0507425,3,1,0,1,43,0.671658
10.1007/bf00336857,3,1,0,1,83,0.673163
10.1109/tc.1977.1674755,3,1,0,1,20,0.643311
10.1145/356643.356645,3,1,0,1,141,0.64363
10.1109/t-c.1974.223971,3,1,0,1,71,0.643489
10.1147/rd.194.0398,3,1,0,1,21,0.642822
10.1016/0031-3203(76)90027-3,3,1,0,1,39,0.644632
10.1109/tit.1967.1054060,3,1,0,1,90,0.644307
10.1162/neco.1993.5.2.278,3,1,0,1,55,0.663808
10.1016/0047-259x(82)90083-5,3,1,0,1,43,0.662808
10.1038/331679a0,3,1,0,1,879,0.667035
10.1038/340468a0,3,1,0,1,39,0.660129
10.1109/5.58326,3,2,0,2,2328,0.669565
10.1016/0885-064x(88)90019-2,3,1,0,1,123,0.662682
10.1162/neco.1989.1.3.312,3,1,0,1,103,0.664866
10.1109/34.3915,3,1,0,1,108,0.664242
10.1209/0295-5075/4/10/020,3,1,0,1,58,0.664386
10.1109/5.58339,3,1,0,1,159,0.661537
10.1051/jphys:01989005002012100,3,1,0,1,24,0.663357
10.1209/0295-5075/11/7/018,3,1,0,1,54,0.665293
10.1088/0305-4470/22/12/004,3,1,0,1,135,0.667521
10.1103/physrevlett.64.2957,3,1,0,1,61,0.66747
10.1162/neco.1990.2.3.374,3,1,0,1,55,0.663595
10.1126/science.3175664,3,1,0,1,29,0.664046
10.1109/tac.1982.1102980,3,1,0,1,136,0.666317
10.1287/moor.16.3.580,3,1,0,1,289,0.666163
10.1007/978-1-4684-9352-8,3,3,0,3,914,0.673724
10.1080/17442508708833475,3,1,0,1,39,0.664908
10.1137/0325070,3,1,0,1,104,0.666159
10.1109/tac.1987.1104684,3,1,0,1,17,0.666353
10.1109/tac.1986.1104412,3,1,0,1,1445,0.667062
10.1162/neco.1992.4.1.1,3,1,0,1,2450,0.680861
10.2307/2002797,3,2,0,2,104,0.663799
10.1090/qam/102435,3,1,0,1,1784,0.671595
10.1214/aoms/1177700285,3,2,0,2,604,0.656823
10.1007/bf00992701,3,3,0,3,120,0.660023
10.1007/bf00992699,3,2,0,2,791,0.678586
10.1007/bf00993308,3,1,0,1,29,0.670854
10.1109/ijcnn.1990.137821,3,1,0,1,29,0.669021
10.1162/neco.1991.3.2.226,3,1,0,1,102,0.657082
10.1109/21.229449,3,1,0,1,28,0.679617
10.1023/a:1022632907294,3,1,0,1,47,0.681156
10.1162/neco.1993.5.4.613,3,1,0,1,447,0.681609
10.1023/a:1022628806385,3,1,0,1,74,0.67757
10.1109/5.58338,3,1,0,1,242,0.682762
10.1002/9780470316511,3,1,0,1,1646,0.680297
10.1016/b978-1-55860-377-6.50072-4,3,1,0,1,41,0.680655
10.1016/b978-1-55860-307-3.50047-2,3,1,0,1,42,0.680359
10.1023/a:1022624705476,3,1,0,1,38,0.682508
10.2307/2002546,3,1,0,1,44,0.682278
10.1162/evco.1995.3.2.149,3,1,0,1,1076,0.678936
10.1515/9781400874651,3,1,0,1,1582,0.709827
10.1109/21.21595,3,1,0,1,23,0.70914
10.1002/aic.690390108,3,1,0,1,202,0.684487
10.1016/0004-3702(94)00011-o,3,2,0,2,498,0.671638
10.1109/9.24227,3,1,0,1,94,0.679913
10.1016/0004-3702(87)90051-8,3,1,0,1,178,0.682085
10.1016/0022-247x(85)90317-8,3,1,0,1,198,0.682878
10.1287/moor.3.3.231,3,1,0,1,133,0.680505
10.1007/bf01668327,3,1,0,1,118,0.666255
10.1159/000140010,3,1,0,1,100,0.666844
10.1146/annurev.ph.18.030156.002043,3,1,0,1,20,0.666685
10.1001/archneurpsyc.1939.02270240017001,3,1,0,1,1184,0.66545
10.1016/0013-4694(52)90073-4,3,1,0,1,535,0.666582
10.1037/h0054728,3,1,0,1,107,0.664932
10.1111/j.1749-6632.1954.tb54849.x,3,1,0,1,132,0.666185
10.3171/jns.1954.11.1.0064,3,2,0,2,141,0.653831
10.1176/ajp.107.10.730,3,1,0,1,34,0.66693
10.1136/jnnp.15.2.79,3,1,0,1,64,0.666277
10.1212/wnl.5.6.373,3,1,0,1,316,0.665982
10.1080/00223980.1945.9917223,3,1,0,1,2063,0.668056
10.1136/jnnp.17.2.115,3,1,0,1,113,0.667139
10.1146/annurev.psych.55.090902.142050,3,2,0,2,1301,0.652467
10.1146/annurev.psych.53.100901.135114,3,1,0,1,3188,0.663215
10.1016/s0149-7634(01)00034-3,3,1,0,1,26,0.666855
10.1098/rstb.2001.0941,3,1,0,1,67,0.664117
10.1098/rstb.2001.0942,3,1,0,1,73,0.665865
10.1093/brain/124.4.647,3,1,0,1,84,0.663386
10.1016/s0896-6273(02)00830-9,3,3,0,3,1881,0.657243
10.1073/pnas.93.24.13523,3,1,0,1,30,0.667168
10.1002/1098-1063(2000)10:4<352::aid-hipo2>3.0.co;2-d,3,1,0,1,379,0.664124
10.1038/80671,3,1,0,1,679,0.666491
10.1016/s0028-3932(01)00213-5,3,1,0,1,77,0.666322
10.1006/jmla.2002.2864,3,1,0,1,2715,0.662431
10.1038/79867,3,1,0,1,222,0.665222
10.1016/s0166-4328(01)00363-1,3,1,0,1,118,0.663016
10.1016/j.neuropsychologia.2005.01.001,3,1,0,1,208,0.666181
10.1523/jneurosci.20-15-05853.2000,3,1,0,1,189,0.664124
10.1002/hipo.10140,3,1,0,1,48,0.665495
10.1016/s0028-3932(00)00103-2,3,2,0,2,157,0.653841
10.1016/0014-4886(76)90055-8,3,1,0,1,1437,0.669683
10.1016/0014-4886(78)90096-1,3,1,0,2,204,0.666939
10.1016/0006-8993(78)90930-7,3,1,0,1,629,0.669854
10.1126/science.663646,3,1,0,1,701,0.665935
10.1037/h0077579,3,1,0,1,1685,0.667487
10.1016/0023-9690(81)90020-5,3,1,0,1,2054,0.666808
10.1037/h0077638,3,1,0,1,64,0.666178
10.1016/0031-9384(80)90109-2,3,1,0,1,12,0.667712
10.1007/bf00236646,3,1,0,1,120,0.668004
10.1126/science.168.3927.147,3,1,0,1,176,0.666806
10.1037/h0037649,3,2,0,2,424,0.652776
10.1038/273297a0,3,1,0,1,863,0.667421
10.1017/s0140525x00062713,3,1,0,1,1546,0.665192
10.1016/0028-3932(79)90042-3,3,1,0,1,697,0.669692
10.1162/jocn.1994.6.4.305,3,1,0,1,342,0.651675
10.1126/science.277.5324.376,3,1,0,1,1245,0.653351
10.1017/cbo9780511526817,3,1,0,1,1994,0.653138
10.1006/nlme.1998.3865,3,1,0,1,90,0.651917
10.1098/rstb.1997.0136,3,1,0,1,269,0.651306
10.1016/0028-3908(95)00099-r,3,1,0,1,52,0.651149
10.1016/s0028-3908(98)00139-7,3,1,0,1,291,0.650628
10.1126/science.2899909,3,1,0,1,970,0.651872
10.1016/0163-1047(93)90664-4,3,1,0,1,879,0.652435
10.1111/j.1471-4159.1977.tb10649.x,3,1,0,1,4984,0.654706
10.1016/0006-8993(94)91809-0,3,1,0,1,29,0.651943
10.1101/lm.1.3.203,3,1,0,1,70,0.652179
10.1016/s0092-8674(00)80897-1,3,1,0,1,283,0.651585
10.1146/annurev.pa.13.040173.001305,3,1,0,1,233,0.651787
10.1073/pnas.93.9.4016,3,1,0,1,42,0.65137
10.1038/31371,3,1,0,1,225,0.650738
10.1016/s0896-6273(00)80607-8,3,1,0,1,55,0.65162
10.1101/lm.6.2.77,3,1,0,1,202,0.651607
10.1001/archneurpsyc.1958.02340050003001,3,1,0,1,642,0.651134
10.1016/0278-2626(88)90030-9,3,1,0,1,30,0.650838
10.1017/s0033291700025897,3,1,0,1,63,0.651427
10.1523/jneurosci.16-16-05233.1996,3,1,0,1,610,0.651381
10.1126/science.1109228,3,1,0,1,240,0.650423
10.1016/0959-4388(95)80023-9,3,1,0,1,1012,0.653021
10.1038/nrn726,3,1,0,1,492,0.650751
10.1037/0735-7044.107.6.899,3,1,0,1,139,0.651736
10.1146/annurev.neuro.27.070203.144130,3,3,0,3,2154,0.683331
10.1016/s0091-6773(74)92231-7,3,1,0,1,709,0.651073
10.1002/hipo.20005,3,1,0,1,103,0.651869
10.1002/hipo.20057,3,1,0,1,58,0.650828
10.1111/j.1749-6632.1985.tb37637.x,3,1,0,1,33,0.651686
10.1016/s0959-4388(97)80010-4,3,1,0,1,1380,0.65099
10.1001/archneur.1979.00500400065010,3,1,0,1,268,0.662559
10.1016/0028-3932(74)90014-1,3,1,0,1,72,0.665461
10.1126/science.7414331,3,1,0,1,1502,0.66398
10.1016/0028-3932(81)90064-6,3,1,0,1,118,0.664111
10.1016/0028-3932(68)90024-9,3,1,0,1,447,0.66706
10.3758/bf03334277,3,1,0,1,491,0.664566
10.1037/h0034760,3,1,0,1,29,0.664475
10.1097/00005053-198106000-00009,3,1,0,1,48,0.662678
10.1093/brain/102.4.749,3,1,0,1,299,0.661728
10.1016/0028-3932(75)90013-5,3,1,0,1,230,0.665865
10.1016/s0022-5371(79)90255-x,3,1,0,1,132,0.66493
10.1016/0028-3932(80)90059-7,3,1,0,1,50,0.665861
10.1093/brain/94.4.661,3,1,0,1,157,0.663011
10.1007/978-1-4684-7890-7_2,3,1,0,1,35,0.663925
10.1016/0028-3932(82)90026-4,3,1,0,1,130,0.660515
10.1212/wnl.24.6.527,3,1,0,1,71,0.664091
10.1146/annurev.ne.05.030182.001325,3,1,0,1,422,0.662653
10.1016/s0163-1047(79)90841-0,3,1,0,1,61,0.661484
10.1002/ana.410060607,3,1,0,1,229,0.662694
10.1002/hipo.10215,3,1,0,1,287,0.651338
10.1016/j.neuroimage.2004.08.007,3,1,0,1,222,0.651203
10.1017/s0140525x99002034,3,1,0,1,1387,0.652821
10.1093/brain/123.4.800,3,1,0,1,174,0.650951
10.1093/brain/122.9.1613,3,1,0,1,631,0.650837
10.1093/cercor/6.6.823,3,1,0,1,506,0.652279
10.1076/jcen.20.6.807.1114,3,1,0,1,100,0.650663
10.1016/s0896-6273(03)00156-9,3,1,0,1,133,0.651677
10.1016/0028-3932(93)90072-8,3,1,0,1,28,0.652053
10.1037/0894-4105.18.3.418,3,1,0,1,200,0.651229
10.1016/s0028-3932(97)00161-9,3,1,0,1,400,0.651271
10.1016/0278-2626(88)90038-3,3,1,0,1,54,0.65244
10.1080/02724980244000224,3,1,0,1,98,0.652137
10.1098/rstb.2001.0948,3,1,0,1,277,0.652483
10.1080/096582196388906,3,1,0,1,356,0.652282
10.1162/08989290051137585,3,1,0,1,2544,0.653268
10.1016/0028-3932(95)00108-5,3,1,0,1,55,0.652098
10.1016/0028-3932(83)90039-8,3,1,0,1,245,0.652107
10.3758/bf03195869,3,1,0,1,192,0.660904
10.1080/096582199387805,3,1,0,1,134,0.661978
10.1162/0898929042568578,3,1,0,1,292,0.664355
10.1016/j.neuropsychologia.2006.05.023,3,1,0,1,1011,0.661212
10.1098/rstb.2001.0944,3,1,0,1,402,0.665701
10.1098/rstb.2005.1631,3,1,0,1,986,0.659114
10.1016/j.neuroimage.2005.09.025,3,1,0,1,113,0.66569
10.1037/0033-295x.107.2.261,3,1,0,1,2710,0.662079
10.1016/j.neulet.2006.07.075,3,1,0,1,14,0.661097
10.1016/j.neuropsychologia.2004.02.014,3,1,0,1,272,0.666284
10.3758/cabn.3.3.234,3,1,0,1,107,0.662868
10.1162/08989290051137468,3,1,0,1,283,0.662345
10.1073/pnas.081082698,3,1,0,1,258,0.66092
10.1093/brain/awl093,3,1,0,1,215,0.664811
10.1093/brain/124.6.1156,3,1,0,1,211,0.665205
10.1073/pnas.071043098,3,1,0,1,2389,0.662071
10.1162/08989290260138672,3,1,0,1,1198,0.659324
10.1111/j.1745-6916.2006.00017.x,3,1,0,1,262,0.66499
10.1016/j.brainres.2006.01.061,3,1,0,1,35,0.66099
10.1523/jneurosci.16-13-04275.1996,3,1,0,1,604,0.666695
10.1016/s0149-7634(00)00037-3,3,2,0,2,62,0.676483
10.1016/s1364-6613(98)01258-3,3,1,0,1,106,0.6474
10.1017/s0140525x00004003,3,2,0,2,145,0.676115
10.1016/s0896-6273(01)00279-3,3,2,0,2,371,0.65456
10.1016/s0165-3806(99)00027-9,3,1,0,1,51,0.648522
10.1038/81881,3,3,0,3,368,0.659011
10.1126/science.8036518,3,2,0,2,712,0.675643
10.1162/089892900562075,3,1,0,1,382,0.647839
10.1038/81756,3,3,0,3,493,0.676501
10.1016/0301-0511(84)90001-2,3,2,0,2,71,0.675103
10.1126/science.1063049,3,1,0,1,392,0.647086
10.1126/science.118.3062.273,3,1,0,1,1778,0.648887
10.1016/0149-7634(85)90042-9,3,2,0,2,225,0.677334
10.1016/0166-4328(95)00024-n,3,2,0,2,316,0.675962
10.1016/0031-9384(95)02054-3,3,1,0,1,141,0.648148
10.1016/0166-4328(95)00218-9,3,1,0,1,146,0.648428
10.1006/nlme.1997.3809,3,1,0,1,118,0.648807
10.1016/0166-4328(95)00013-j,3,2,0,2,161,0.675759
10.1016/0031-9384(82)90268-2,3,2,0,2,85,0.674888
10.1038/nature04286,3,3,0,3,1302,0.671663
10.1177/1073858406292647,3,3,0,3,434,0.659048
10.1017/s0140525x05000026,3,1,0,1,314,0.675906
10.1101/lm.80504,3,3,0,3,399,0.656595
10.1053/smrv.2001.0164,3,1,0,1,266,0.677628
10.1016/j.cub.2006.05.024,3,1,0,1,283,0.675556
10.1038/nn1959,3,1,0,1,328,0.676825
10.1073/pnas.182178199,3,2,0,2,454,0.66754
10.1038/nature01930,3,4,0,4,791,0.651103
10.1101/lm.132106,3,1,0,1,321,0.677984
10.1162/jocn.1997.9.4.534,3,3,0,3,750,0.670101
10.1016/j.biopsych.2006.03.061,3,1,0,1,233,0.675879
10.1073/pnas.0510198103,3,1,0,1,140,0.677934
10.1016/j.cub.2004.01.027,3,1,0,1,333,0.67732
10.1016/j.bbr.2003.08.013,3,1,0,1,49,0.675954
10.1016/s0006-8993(00)03007-9,3,1,0,1,334,0.685814
10.1016/s0896-6273(03)00065-5,3,1,0,1,487,0.68491
10.1038/nature02663,3,1,0,1,1462,0.686355
10.1126/science.1099745,3,1,0,1,5307,0.686581
10.1038/300448a0,3,2,0,2,364,0.67918
10.1016/s0166-2236(00)01547-2,3,1,0,1,932,0.685129
10.1523/jneurosci.2725-04.2004,3,1,0,1,454,0.684229
10.2741/1043,3,1,0,1,383,0.684968
10.1046/j.1365-2869.7.s1.3.x,3,2,0,2,395,0.671397
10.1073/pnas.0402820101,3,2,0,2,168,0.669405
10.1152/jn.00014.2006,3,2,0,2,288,0.69937
10.1523/jneurosci.5594-05.2006,3,2,0,2,192,0.700205
10.1523/jneurosci.22-24-10941.2002,3,1,0,1,508,0.684138
10.1016/j.neuron.2004.09.015,3,1,0,1,264,0.685324
10.1016/0166-4328(95)00002-b,3,1,0,1,186,0.738537
10.1016/0166-2236(90)90081-k,3,1,0,1,285,0.738912
10.1016/0166-4328(95)00014-k,3,1,0,1,111,0.738973
10.1016/s0959-4388(00)00079-9,3,2,0,2,281,0.712464
10.1126/science.172.3978.80,3,1,0,1,58,0.741048
10.1111/j.1365-2869.1994.tb00123.x,3,2,0,2,288,0.718718
10.1046/j.1365-2869.1999.00009.x,3,1,0,1,80,0.738337
10.1111/1469-8986.3650571,3,1,0,1,232,0.741425
10.1353/pbm.1974.0032,3,1,0,1,93,0.737281
10.1016/0031-9384(77)90138-x,3,1,0,1,60,0.738267
10.2466/pms.1988.67.2.635,3,1,0,1,32,0.742178
10.1016/s0092-8674(00)81904-2,3,1,0,1,1005,0.663782
10.1126/science.279.5349.338,3,1,0,1,240,0.663005
10.1101/sqb.1983.048.01.086,3,1,0,1,70,0.661845
10.1101/lm.4.3.291,3,1,0,1,288,0.661369
10.1016/0092-8674(94)90386-7,3,1,0,1,440,0.665049
10.1085/jgp.64.1.70,3,1,0,1,93,0.664204
10.1073/pnas.91.15.7041,3,2,0,2,758,0.670707
10.1126/science.7682336,3,1,0,1,453,0.663535
10.1126/science.6828885,3,1,0,1,321,0.665687
10.1073/pnas.85.7.2373,3,1,0,1,157,0.664844
10.1126/science.1585177,3,1,0,1,255,0.664086
10.1126/science.275.5302.969,3,1,0,1,93,0.667475
10.1523/jneurosci.18-01-00458.1998,3,1,0,1,84,0.660374
10.1016/0896-6273(95)90166-3,3,1,0,1,117,0.664235
10.1016/0092-8674(95)90213-9,3,1,0,1,474,0.667718
10.1073/pnas.58.3.1112,3,1,0,1,526,0.6617
10.1016/s0896-6273(00)80377-3,3,1,0,1,169,0.663147
10.1016/0092-8674(94)90400-6,3,1,0,1,1472,0.662368
10.1152/jn.1984.52.5.892,3,1,0,1,140,0.69772
10.1126/science.7444438,3,1,0,1,333,0.698156
10.1007/bf00234087,3,2,0,2,499,0.732719
10.1038/198540a0,3,1,0,1,217,0.697897
10.1002/cne.901380404,3,2,0,2,297,0.688365
10.1016/0301-0082(84)90023-6,3,2,0,2,387,0.732284
10.1016/0165-0173(83)90037-1,3,5,0,5,1053,0.662963
10.1016/0006-8993(79)90141-0,3,1,0,1,102,0.698219
10.1016/0306-4522(83)90100-8,3,1,0,1,146,0.698675
10.1016/0006-8993(81)91203-8,3,1,0,1,67,0.698282
10.1016/0006-8993(83)90283-4,3,1,0,1,113,0.698261
10.1016/0010-440x(70)90017-9,3,1,0,1,18,0.698094
10.1016/0014-4886(69)90076-4,3,1,0,1,27,0.69859
10.1016/0304-3940(81)90080-x,3,1,0,1,38,0.697597
10.1152/jn.1984.51.5.1011,3,1,0,1,170,0.697868
10.1007/bf00716267,3,1,0,1,96,0.698081
10.1093/sleep/1.3.231,3,1,0,1,19,0.69816
10.1016/0006-8993(85)90584-0,3,1,0,1,14,0.698045
10.1016/0304-3940(88)90477-6,3,1,0,1,18,0.822459
10.1113/jphysiol.1985.sp015714,3,1,0,1,93,0.814418
10.1016/0304-3940(86)90466-0,3,1,0,1,25,0.825119
10.1002/cne.901820508,3,1,0,1,733,0.818649
10.1016/0006-8993(88)90763-9,3,1,0,1,39,0.820516
10.1016/0013-4694(80)90160-1,3,1,0,1,95,0.818647
10.1038/330649a0,3,1,0,1,635,0.82282
10.1523/jneurosci.01-08-00876.1981,3,2,0,2,1568,0.715641
10.1038/290413a0,3,1,0,1,88,0.819144
10.1016/0014-4886(86)90129-9,3,1,0,1,16,0.818468
10.1016/0306-4522(88)90127-3,3,1,0,1,24,0.82438
10.1016/0301-0082(86)90019-5,3,2,0,2,851,0.718454
10.1113/jphysiol.1983.sp014507,3,1,0,1,245,0.822342
10.1016/0006-8993(85)90257-4,3,1,0,1,143,0.821669
10.1016/0006-8993(87)90793-1,3,1,0,1,105,0.818836
10.1016/0006-8993(89)91001-9,3,1,0,1,117,0.813757
10.1016/0006-8993(84)91356-8,3,1,0,1,48,0.822887
10.1037/h0024599,3,1,0,1,853,0.68141
10.1037/h0026470,3,1,0,1,526,0.681384
10.1037/h0061626,3,1,0,1,4347,0.683484
10.1016/0013-4694(69)90092-3,3,3,0,3,1537,0.686766
10.1016/0014-4886(67)90172-0,3,1,0,1,46,0.680041
10.1016/0006-8993(77)90550-9,3,1,0,1,161,0.718437
10.1007/bf00335349,3,1,0,1,173,0.717283
10.1016/0025-5564(78)90058-5,3,1,0,1,183,0.716317
10.1038/222960a0,3,1,0,1,759,0.717576
10.1126/science.6324350,3,1,0,1,221,0.715671
10.1002/cne.901440206,3,1,0,1,569,0.716792
10.1002/cne.901670303,3,1,0,1,742,0.715204
10.1016/0006-8993(80)90226-7,3,1,0,1,251,0.717001
10.1002/cne.901990405,3,1,0,1,256,0.715996
10.1152/jn.1981.46.5.952,3,1,0,1,134,0.717101
10.1016/0006-8993(81)90413-3,3,1,0,1,145,0.716521
10.1002/cne.902190304,3,1,0,1,94,0.716634
10.1016/0006-8993(85)91556-2,3,1,0,1,17,0.717087
10.1007/bf01258450,3,1,0,1,75,0.716875
10.1016/0006-8993(78)91113-7,3,1,0,1,65,0.718221
10.1113/jphysiol.1982.sp014255,3,1,0,1,417,0.716754
10.1007/bf00236742,3,1,0,1,105,0.716251
10.1007/bf00238898,3,1,0,1,238,0.715939
10.1073/pnas.90.12.5718,3,2,0,2,352,0.670009
10.1016/0028-3932(90)90128-b,3,1,0,1,15,0.666001
10.1016/s0028-3932(97)00003-1,3,1,0,1,239,0.666025
10.1088/0954-898x_3_2_009,3,1,0,1,410,0.665848
10.1162/neco.1992.4.2.196,3,1,0,1,558,0.667392
10.1126/science.7134968,3,1,0,1,300,0.665984
10.1016/0042-6989(87)90011-3,3,2,0,2,393,0.672237
10.1113/jphysiol.1987.sp016474,3,1,0,1,62,0.665936
10.1016/s0042-6989(97)00121-1,3,1,0,1,1520,0.66729
10.1523/jneurosci.17-06-02112.1997,3,1,0,1,885,0.664148
10.1038/30875,3,1,0,1,84,0.663982
10.3758/bf03205010,3,1,0,1,147,0.665481
10.1523/jneurosci.13-05-01916.1993,3,1,0,1,202,0.666729
10.1038/332446a0,3,1,0,1,265,0.667438
10.1152/jn.1991.65.2.178,3,1,0,1,125,0.666375
10.1523/jneurosci.10-04-01134.1990,3,1,0,1,239,0.666299
10.1016/0006-8993(92)90436-d,3,1,0,1,32,0.665874
10.1016/0166-4328(95)00032-1,3,1,0,1,173,0.666772
10.1152/jn.1991.65.4.841,3,1,0,1,28,0.668235
10.1016/0042-6989(92)90021-a,3,1,0,1,241,0.666635
10.1016/0042-6989(96)00036-3,3,1,0,1,159,0.665523
10.1038/387401a0,3,1,0,1,594,0.665759
10.7551/mitpress/5295.003.0018,3,1,0,1,15,0.669835
10.1002/hbm.20158,3,1,0,1,179,0.669698
10.1016/s0042-6989(98)00113-8,3,1,0,1,305,0.666222
10.1523/jneurosci.13-03-01202.1993,3,1,0,1,1157,0.666878
10.1016/s0896-6273(00)80593-0,3,1,0,1,1234,0.67016
10.2307/1419876,3,1,0,1,983,0.669126
10.1006/cbmr.1996.0014,3,1,0,1,9727,0.662991
10.1006/nimg.1998.0395,3,1,0,1,9407,0.662983
10.1002/mrm.10303,3,1,0,1,129,0.669749
10.1073/pnas.93.24.13494,3,1,0,1,790,0.668994
10.1073/pnas.022615199,3,1,0,1,367,0.67007
10.1038/369525a0,3,1,0,1,808,0.666909
10.1093/cercor/7.2.181,3,1,0,1,1303,0.668215
10.1167/4.10.4,3,1,0,1,117,0.666259
10.1016/0042-6989(95)00044-z,3,1,0,1,197,0.670204
10.1167/2.2.5,3,1,0,1,139,0.668666
10.1016/0042-6989(81)90017-1,3,1,0,1,209,0.668825
10.1146/annurev.psych.49.1.585,3,1,0,1,766,0.668314
10.1073/pnas.88.11.4966,3,1,0,1,808,0.669816
10.1163/156856896x00051,3,1,0,1,127,0.667354
10.1016/s0042-6989(99)00059-0,3,1,0,1,246,0.67159
10.1523/jneurosci.13-01-00087.1993,3,1,0,1,933,0.66747
10.1152/jn.1992.67.5.1031,3,1,0,1,600,0.668127
10.1038/35087601,3,1,0,1,701,0.664899
10.1038/87470,3,1,0,1,285,0.670734
10.1152/jn.00690.2001,3,1,0,1,251,0.665614
10.1523/jneurosci.4442-03.2004,3,1,0,1,340,0.663938
10.1523/jneurosci.0457-06.2006,3,1,0,1,154,0.664109
10.1016/0042-6989(94)00141-8,3,1,0,1,104,0.667417
10.1038/nn1255,3,1,0,1,380,0.66652
10.1152/jn.1983.49.5.1127,3,2,0,2,1072,0.656169
10.1017/s095252380000715x,3,2,0,2,882,0.669758
10.1523/jneurosci.08-06-02201.1988,3,3,0,3,1131,0.67542
10.1152/jn.2000.84.4.2166,3,1,0,1,110,0.66167
10.1523/jneurosci.14-06-03969.1994,3,1,0,1,504,0.665559
10.1007/bf00231732,3,1,0,1,268,0.669944
10.1152/jn.1992.68.3.945,3,2,0,2,212,0.669309
10.1523/jneurosci.2583-04.2004,3,1,0,1,98,0.667174
10.1016/s0028-3908(98)00033-1,3,1,0,1,1164,0.666964
10.1038/nn1209,3,2,0,2,585,0.668284
10.2307/1909829,3,1,0,1,1608,0.665932
10.1152/jn.1996.75.3.1061,3,1,0,1,201,0.666645
10.1152/jn.1996.75.4.1673,3,1,0,1,375,0.665554
10.1152/jn.01014.2002,3,1,0,1,281,0.665921
10.1007/bf00603975,3,1,0,1,36,0.667995
10.3758/bf03199951,3,1,0,1,738,0.668951
10.1037//0097-7403.2.4.313,3,1,0,1,12,0.669606
10.1016/j.neuron.2004.09.009,3,1,0,1,332,0.664265
10.1126/science.1077349,3,1,0,1,1479,0.666616
10.7551/mitpress/2302.001.0001,3,1,0,1,336,0.66957
10.1152/jn.2001.85.6.2477,3,1,0,1,197,0.666412
10.1093/cercor/10.3.263,3,1,0,1,266,0.668799
10.1152/jn.1989.61.4.814,3,1,0,1,342,0.667285
10.1038/245150a0,3,1,0,1,87,0.665119
10.1111/j.1748-1716.2006.01579.x,3,1,0,1,92,0.666012
10.1007/bf00421027,3,1,0,1,19,0.668314
10.1126/science.8023166,3,1,0,1,344,0.667811
10.1093/brain/115.1.199,3,1,0,1,328,0.669958
10.1016/s0306-4522(98)00583-1,3,1,0,1,336,0.666438
10.1016/j.neuron.2005.05.020,3,3,0,3,994,0.674342
10.1016/s0165-0173(98)00019-8,3,2,0,2,2983,0.652912
10.1093/brain/111.2.323,3,1,0,1,406,0.666451
10.1016/0166-2236(90)90058-i,3,1,0,1,327,0.66999
10.1126/science.112679,3,1,0,1,1186,0.667836
10.1073/pnas.80.14.4546,3,1,0,1,1403,0.666321
10.1523/jneurosci.12-11-04224.1992,3,1,0,1,558,0.66705
10.1523/jneurosci.17-12-04536.1997,3,1,0,1,229,0.666826
10.1016/0028-3932(89)90167-x,3,1,0,1,101,0.669188
10.1523/jneurosci.23-34-10827.2003,3,1,0,1,222,0.671813
10.1046/j.1460-9568.2003.02849.x,3,1,0,1,49,0.669053
10.1016/0306-4522(84)90058-7,3,1,0,1,485,0.665759
10.1016/0166-2236(95)80020-3,3,1,0,1,190,0.654814
10.1016/j.neuroscience.2005.06.038,3,1,0,1,51,0.654314
10.1038/nn1613,3,1,0,1,390,0.655039
10.1002/cne.10783,3,1,0,1,302,0.654524
10.1006/nlme.2000.4002,3,1,0,1,80,0.655907
10.1523/jneurosci.21-09-03236.2001,3,1,0,1,161,0.655989
10.1016/s0896-6273(00)81056-9,3,1,0,1,908,0.655328
10.1016/s0149-7634(99)00072-x,3,1,0,1,539,0.65443
10.1016/j.physbeh.2004.02.004,3,1,0,1,800,0.655188
10.1016/0149-7634(94)00026-w,3,1,0,1,94,0.654204
10.1037/0735-7044.105.1.3,3,1,0,1,149,0.654792
10.1080/02699930302289,3,1,0,1,252,0.65421
10.1037/0735-7044.103.1.36,3,1,0,1,186,0.654906
10.1186/1741-7007-3-4,3,2,0,2,232,0.655579
10.1016/s0091-3057(96)00240-7,3,1,0,1,99,0.654822
10.1007/pl00005773,3,1,0,1,134,0.664478
10.1016/j.tins.2006.12.003,3,1,0,1,223,0.665168
10.1016/j.tins.2006.03.002,3,1,0,1,455,0.66412
10.1037/1064-1297.1.1-4.101,3,1,0,1,43,0.665617
10.1016/j.pneurobio.2003.12.001,3,1,0,1,315,0.662325
10.1016/s0166-4328(01)00326-6,3,1,0,1,79,0.667026
10.1002/cne.902830108,3,1,0,1,64,0.664907
10.1016/0006-8993(85)91418-0,3,1,0,1,38,0.666451
10.1007/s00221-005-0114-y,3,1,0,1,38,0.66476
10.1523/jneurosci.20-22-08443.2000,3,1,0,1,314,0.665125
10.1016/j.tins.2007.03.001,3,1,0,1,672,0.664303
10.1046/j.0953-816x.2001.01485.x,3,1,0,1,296,0.663974
10.1016/0166-2236(90)90109-n,3,1,0,1,583,0.66748
10.1046/j.1460-9568.2003.02415.x,3,1,0,1,57,0.66362
10.1016/j.neuroscience.2006.01.030,3,1,0,1,77,0.664486
10.1002/cne.21202,3,1,0,1,34,0.665684
10.1146/annurev.neuro.21.1.149,3,1,0,1,1569,0.665302
10.1146/annurev.neuro.23.1.393,3,1,0,1,951,0.667313
10.1146/annurev.ne.10.030187.000435,3,1,0,1,415,0.66304
10.1016/0306-4522(96)00132-7,3,1,0,1,38,0.667728
10.1016/0306-4522(91)90003-7,3,1,0,1,303,0.666691
10.1038/1124,3,1,0,1,861,0.664897
10.1146/annurev.neuro.23.1.473,3,1,0,1,1066,0.666854
10.1046/j.1471-4159.1997.68020691.x,3,1,0,1,74,0.665338
10.1037/0735-7044.110.5.905,3,1,0,1,70,0.664742
10.1523/jneurosci.20-22-j0003.2000,3,1,0,1,294,0.664736
10.1523/jneurosci.18-04-01270.1998,3,1,0,1,138,0.668208
10.1126/science.290.5491.533,3,1,0,1,826,0.666436
10.1126/science.279.5357.1714,3,1,0,1,994,0.664232
10.1016/0166-2236(82)90219-3,3,1,0,1,164,0.667914
10.1016/s0896-6273(00)80821-1,3,1,0,1,1913,0.665114
10.1126/science.252.5009.1177,3,1,0,1,704,0.665293
10.1038/383621a0,3,1,0,1,538,0.664236
10.1016/0006-8993(86)91290-4,3,1,0,1,61,0.66825
10.1038/nn1587,3,1,0,1,278,0.663245
10.1146/annurev.neuro.22.1.241,3,1,0,1,381,0.662955
10.1146/annurev.neuro.26.010302.081134,3,1,0,1,227,0.66312
10.1038/nrn1058,3,1,0,1,478,0.665097
10.1093/cercor/4.3.247,3,1,0,1,122,0.665813
10.1523/jneurosci.12-06-02331.1992,3,1,0,1,467,0.667792
10.1523/jneurosci.23-02-00632.2003,3,1,0,1,224,0.661
10.1152/jn.2001.86.4.1916,3,1,0,1,1426,0.661875
10.1146/annurev.neuro.26.041002.131052,3,1,0,1,779,0.662022
10.1017/s0952523800010269,3,1,0,1,478,0.661801
10.1038/nn1094,3,1,0,1,185,0.663567
10.1111/1467-9280.00067,3,1,0,1,1052,0.664504
10.1093/cercor/bhg097,3,1,0,1,485,0.66294
10.1093/ietfec/e88-a.10.2496,3,1,0,1,15,0.663576
10.1037/0033-295x.111.2.333,3,1,0,1,842,0.660596
10.1152/jn.1967.30.1.35,3,1,0,1,248,0.664549
10.1038/355542a0,3,1,0,1,233,0.665068
10.1038/366467a0,3,1,0,1,318,0.663545
10.1038/37975,3,2,0,2,277,0.668294
10.1523/jneurosci.18-17-07015.1998,3,1,0,1,322,0.662093
10.1016/s0166-4115(08)61370-9,3,1,0,1,25,0.667651
10.1016/0010-0277(94)90026-4,3,1,0,1,60,0.66369
10.1901/jeab.1961.4-267,3,1,0,1,1682,0.661584
10.1037/0033-2909.83.6.1131,3,1,0,1,203,0.667472
10.1037/0033-295x.85.5.436,3,1,0,1,130,0.664932
10.1086/409852,3,1,0,1,2188,0.665878
10.1017/cbo9780511809477,3,1,0,1,6966,0.660885
10.1016/b978-0-12-662650-6.50011-8,3,1,0,1,166,0.66355
10.1146/annurev.es.02.110171.002101,3,1,0,1,2324,0.662557
10.1101/sqb.1990.055.01.068,3,1,0,1,145,0.664345
10.1038/35135,3,1,0,1,807,0.66556
10.1073/pnas.93.2.628,3,1,0,1,552,0.664794
10.1007/bf00271862,3,1,0,1,760,0.664818
10.1038/386167a0,3,1,0,1,867,0.665745
10.1002/cphy.cp010512,3,1,0,1,78,0.650968
10.1007/bf00248552,3,1,0,1,199,0.651658
10.1016/0959-4388(93)90206-e,3,1,0,1,234,0.650387
10.1016/s0010-9452(13)80188-8,3,1,0,1,66,0.651231
10.1159/000210464,3,1,0,1,449,0.652134
10.1126/science.285.5425.257,3,1,0,1,551,0.651204
10.1152/jn.2001.85.2.539,3,1,0,1,80,0.651332
10.1152/jn.2000.83.4.2374,3,1,0,1,132,0.651617
10.1038/381697a0,3,1,0,1,202,0.651305
10.1212/wnl.50.5.1253,3,1,0,1,446,0.65201
10.1152/jn.1996.76.3.1457,3,1,0,1,78,0.651207
10.1126/science.273.5281.1544,3,1,0,1,179,0.651324
10.1038/416632a,3,1,0,1,506,0.651181
10.1152/jn.1981.46.4.755,3,1,0,1,601,0.650945
10.1007/s002210050890,3,1,0,1,53,0.651272
10.1152/jn.1998.79.6.2919,3,1,0,1,523,0.651329
10.1038/10223,3,1,0,1,894,0.651402
10.1038/383618a0,3,1,0,1,315,0.651099
10.1016/s0896-6273(00)00073-8,3,1,0,1,115,0.651956
10.1002/cne.902320403,3,1,0,1,236,0.678685
10.1523/jneurosci.10-04-01176.1990,3,1,0,1,467,0.678985
10.1146/annurev.neuro.20.1.303,3,1,0,1,1031,0.678325
10.1093/oso/9780198542841.003.0020,3,1,0,1,13,0.678929
10.1523/jneurosci.11-01-00168.1991,3,2,0,2,440,0.661485
10.1152/jn.1991.66.3.1095,3,1,0,1,340,0.678849
10.1152/jn.1991.66.3.1109,3,1,0,1,309,0.678372
10.1016/0028-3932(86)90075-8,3,1,0,1,280,0.677786
10.1152/jn.1995.73.2.886,3,1,0,1,117,0.677966
10.1007/978-3-642-60661-8_33,3,1,0,1,27,0.679123
10.1038/375232a0,3,1,0,1,249,0.678276
10.1152/jn.1985.53.3.603,3,1,0,1,1087,0.678642
10.1152/jn.1994.71.3.1266,3,1,0,1,69,0.678955
10.1093/cercor/6.3.319,3,1,0,1,257,0.678851
10.1016/0028-3932(91)90008-v,3,1,0,1,249,0.678353
10.1016/s0926-6410(96)00046-8,3,1,0,1,159,0.678672
10.1152/jn.1993.69.3.902,3,1,0,1,532,0.679025
10.1152/jn.1996.76.5.2841,3,2,0,2,508,0.655293
10.1002/cne.902690307,3,1,0,1,316,0.678347
10.1016/0028-3932(94)90152-x,3,1,0,1,178,0.678308
10.1016/j.neuron.2004.11.017,3,1,0,1,105,0.6711
10.1038/nature04982,3,1,0,1,284,0.665084
10.1152/jn.00130.2005,3,1,0,1,15,0.665803
10.1002/cne.902960106,3,1,0,1,576,0.666342
10.1016/0959-4388(92)90143-9,3,1,0,1,91,0.666436
10.1002/cne.902410309,3,1,0,1,195,0.666948
10.1038/373518a0,3,1,0,1,170,0.667152
10.1111/j.2044-8317.1965.tb00342.x,3,1,0,1,95,0.671686
10.1523/jneurosci.18-18-07519.1998,3,1,0,1,394,0.667899
10.1523/jneurosci.5007-03.2004,3,1,0,1,116,0.665968
10.1002/cne.902990404,3,1,0,1,433,0.666817
10.1038/33688,3,1,0,1,218,0.665987
10.1016/s0896-6273(01)00303-8,3,1,0,1,990,0.667645
10.1046/j.1460-9568.2002.02207.x,3,1,0,1,189,0.668161
10.1046/j.1460-9568.2002.02206.x,3,1,0,1,281,0.665091
10.1017/s0952523898153166,3,1,0,1,31,0.667665
10.1016/0006-8993(71)90494-x,3,1,0,1,446,0.653933
10.1113/jphysiol.1974.sp010452,3,1,0,1,705,0.654251
10.1152/jn.1981.45.3.397,3,1,0,1,187,0.65297
10.1152/jn.1984.52.6.1106,3,1,0,1,787,0.655021
10.1038/341052a0,3,1,0,1,882,0.654285
10.1152/jn.1984.51.1.16,3,1,0,1,418,0.654286
10.1152/jn.1968.31.5.659,3,1,0,1,515,0.654006
10.1113/jphysiol.1975.sp011034,3,1,0,1,193,0.653484
10.1523/jneurosci.08-05-01712.1988,3,1,0,1,409,0.654673
10.1523/jneurosci.09-07-02432.1989,3,1,0,1,897,0.655845
10.1152/jn.1986.55.6.1308,3,1,0,1,257,0.65468
10.1152/jn.1989.62.1.31,3,1,0,1,159,0.654492
10.1152/jn.1988.60.2.604,3,1,0,1,505,0.654223
10.1523/jneurosci.05-03-00825.1985,3,1,0,1,447,0.653647
10.1037/h0027577,3,1,0,1,1573,0.663415
10.1037/0033-295x.94.2.115,3,3,0,3,3487,0.658592
10.1016/0010-0285(88)90024-2,3,2,0,2,465,0.667677
10.1037/h0041727,3,1,0,1,290,0.664975
10.1016/0010-0285(73)90004-2,3,1,0,1,2708,0.661912
10.1207/s15516709cog0502_2,3,1,0,1,3196,0.659994
10.1017/s0022226700005363,3,1,0,1,65,0.662474
10.1037/0096-3445.115.2.107,3,2,0,2,1247,0.665414
10.1525/ae.1978.5.1.02a00060,3,1,0,1,85,0.665168
10.1037/0022-3514.60.3.348,3,1,0,1,135,0.665606
10.1016/0010-0285(84)90009-4,3,2,0,2,329,0.66684
10.1016/s0022-5371(84)90170-1,3,1,0,1,125,0.666
10.2307/1129660,3,1,0,1,150,0.663582
10.1146/annurev.ps.32.020181.000513,3,1,0,1,1081,0.664273
10.1037/0033-295x.92.3.289,3,1,0,1,1501,0.663139
10.1016/s0022-5371(82)90412-1,3,1,0,1,171,0.666295
10.1016/0010-0285(76)90013-x,3,4,0,4,3262,0.669271
10.1111/j.1540-4560.1985.tb01130.x,3,1,0,1,383,0.663635
10.1016/s0020-7373(85)80064-x,3,1,0,1,138,0.664494
10.3406/psy.1968.27596,3,1,0,1,13,0.6665
10.1037/0097-7403.14.1.43,3,1,0,1,61,0.650069
10.1097/00001756-199801260-00023,3,3,0,3,140,0.672691
10.1037/0097-7403.2.4.285,3,1,0,1,248,0.651658
10.1126/science.146.3643.549,3,1,0,1,377,0.652311
10.1037/0033-2909.112.3.500,3,2,0,2,205,0.65377
10.1037/0097-7403.14.3.247,3,3,0,3,76,0.666814
10.1037/0097-7403.10.4.564,3,1,0,1,33,0.651059
10.1037/0097-7403.13.2.136,3,1,0,1,37,0.65185
10.1523/jneurosci.10-11-03543.1990,3,1,0,1,149,0.651247
10.1007/bf02382403,3,1,0,1,52,0.650696
10.1523/jneurosci.17-20-07902.1997,3,1,0,1,70,0.661852
10.1038/380499a0,3,1,0,1,1085,0.662907
10.1523/jneurosci.04-08-02051.1984,3,4,0,4,1066,0.659994
10.1523/jneurosci.12-02-00408.1992,3,1,0,1,179,0.662915
10.1093/cercor/5.3.270,3,1,0,1,191,0.661549
10.1146/annurev.ne.19.030196.003045,3,3,0,3,898,0.675179
10.1016/0166-4328(94)90057-4,3,1,0,1,26,0.662373
10.1038/331068a0,3,1,0,1,670,0.662753
10.1016/0166-4328(95)00227-8,3,1,0,1,92,0.662485
10.1152/jn.1994.71.3.1206,3,1,0,1,70,0.66378
10.1152/jn.1995.73.2.713,3,1,0,1,400,0.662395
10.1088/0954-898x_1_4_002,3,1,0,1,99,0.663513
10.1523/jneurosci.16-15-04757.1996,3,1,0,1,160,0.662569
10.1016/0006-8993(78)90584-x,3,1,0,1,585,0.66239
10.1002/cne.902900402,3,1,0,1,113,0.662661
10.1002/cne.903430308,3,1,0,1,265,0.662371
10.1093/cercor/8.6.510,3,2,0,2,288,0.665667
10.1016/0893-6080(95)00053-4,3,1,0,1,51,0.665134
10.1016/s0734-189x(87)80014-2,3,1,0,1,1922,0.663534
10.3758/bf03206880,3,1,0,1,319,0.662113
10.1152/jn.1994.71.3.856,3,2,0,2,593,0.667142
10.1016/s0079-6123(08)60379-9,3,1,0,1,227,0.664906
10.1242/jeb.146.1.21,3,1,0,1,452,0.664147
10.1017/s095252380000804x,3,1,0,1,274,0.665747
10.1006/cogp.1999.0728,3,1,0,1,292,0.663652
10.1152/jn.1992.68.1.70,3,1,0,1,241,0.665562
10.1068/p210147,3,1,0,1,67,0.663326
10.1080/14640748908402394,3,1,0,1,221,0.664688
10.1016/s0042-6989(97)00462-8,3,1,0,1,121,0.660453
10.1111/j.1467-9280.1994.tb00500.x,3,1,0,1,486,0.662987
10.3758/bf03206016,3,1,0,1,31,0.665052
10.1038/35003571,3,1,0,1,83,0.663839
10.1098/rstb.1992.0003,3,1,0,1,596,0.664903
10.1007/978-3-642-65495-4_11,3,1,0,1,77,0.662317
10.1038/35036228,3,1,0,1,1582,0.664465
10.1126/science.273.5281.1542,3,1,0,1,170,0.663287
10.1023/a:1008170818506,3,1,0,1,48,0.664639
10.1523/jneurosci.16-16-05154.1996,3,1,0,1,1130,0.663754
10.1097/00001756-199208000-00018,3,1,0,1,203,0.665859
10.1523/jneurosci.19-13-05493.1999,3,1,0,1,371,0.664644
10.1016/s0896-6273(00)80658-3,3,1,0,1,480,0.665432
10.7208/chicago/9780226471013.001.0001,3,1,0,1,6654,0.658358
10.1038/380069a0,3,1,0,1,1185,0.662604
10.1016/0010-0277(89)90036-x,3,1,0,1,405,0.673239
10.1016/0010-0285(87)90013-2,3,1,0,1,143,0.673194
10.1111/j.1467-9280.1990.tb00209.x,3,1,0,1,143,0.67319
10.1073/pnas.89.1.60,3,2,0,2,472,0.653796
10.1016/0042-6989(92)90102-o,3,1,0,1,276,0.672461
10.1038/343263a0,3,1,0,1,642,0.672943
10.1016/s0960-9822(00)00089-0,3,1,0,1,222,0.672618
10.1126/science.247.4945.978,3,1,0,1,756,0.673206
10.1152/jn.1981.46.2.369,3,1,0,1,957,0.672932
10.1007/bf00279674,3,1,0,1,133,0.673045
10.1152/jn.1987.57.1.132,3,2,0,2,306,0.653965
10.1038/335817a0,3,1,0,1,574,0.673046
10.1152/jn.1991.66.1.170,3,2,0,2,559,0.652446
10.1038/360343a0,3,1,0,1,490,0.672988
10.1152/jn.1993.70.3.1115,3,1,0,1,72,0.673436
10.1098/rspb.1985.0003,3,1,0,1,583,0.672978
10.1016/s0960-9822(95)00096-0,3,1,0,1,12,0.663635
10.1016/s0042-6989(96)00286-6,3,1,0,1,665,0.66377
10.1068/p190773,3,1,0,1,54,0.662805
10.1523/jneurosci.14-11-06336.1994,3,2,0,2,766,0.667223
10.1016/s0926-6410(96)00041-9,3,1,0,1,170,0.66272
10.1523/jneurosci.17-11-04302.1997,3,2,0,2,5928,0.663896
10.1152/jn.1995.74.3.1192,3,2,0,2,554,0.667533
10.1093/brain/115.1.15,3,2,0,2,1099,0.667252
10.1098/rstb.1992.0007,3,1,0,1,132,0.662017
10.1212/wnl.32.4.331,3,2,0,2,757,0.66626
10.1016/0042-6989(94)00273-o,3,1,0,1,260,0.664508
10.1080/14640749308401064,3,2,0,2,180,0.666576
10.1016/0166-2236(85)90051-7,3,1,0,1,69,0.664474
10.1016/0166-2236(90)90184-c,3,1,0,1,218,0.664467
10.1146/annurev.ne.13.030190.000513,3,1,0,1,349,0.663811
10.1002/hbm.460030207,3,1,0,1,57,0.668903
10.1111/1467-9280.00145,3,1,0,1,39,0.664422
10.1152/jn.1994.71.2.821,3,1,0,1,421,0.664284
10.1038/9224,3,1,0,1,886,0.664727
10.1162/jocn.1997.9.5.605,3,1,0,1,870,0.664032
10.1097/00001756-199901180-00035,3,1,0,1,192,0.664321
10.1093/cercor/2.5.375,3,1,0,1,210,0.666244
10.1162/jocn.1997.9.5.555,3,1,0,1,485,0.667391
10.1073/pnas.96.16.9379,3,1,0,1,674,0.665735
10.1162/089892998562799,3,1,0,1,40,0.665197
10.1080/02643298708252038,3,1,0,1,315,0.665491
10.1162/089892999563472,3,1,0,1,234,0.667751
10.1037/h0027474,3,1,0,1,1864,0.665983
10.1080/14640749308401045,3,1,0,1,1492,0.663297
10.1146/annurev.ne.18.030195.001205,3,1,0,1,5942,0.661822
10.1038/380621a0,3,1,0,1,397,0.662768
10.1037/0033-295x.96.1.145,3,1,0,1,469,0.663781
10.1038/379549a0,3,1,0,1,665,0.663355
10.1126/science.2772635,3,1,0,1,435,0.665318
10.1016/0042-6989(82)90010-4,3,1,0,1,81,0.667073
10.1016/0042-6989(84)90044-0,3,1,0,1,153,0.664192
10.1152/jn.1990.64.2.351,3,1,0,1,127,0.662113
10.1007/978-1-4757-1904-8,3,1,0,1,6081,0.660298
10.1177/0883073891006001s11,3,1,0,1,105,0.665643
10.1126/science.270.5237.764,3,1,0,1,234,0.663446
10.1152/jn.1998.80.6.2918,3,1,0,1,546,0.664839
10.1152/jn.1997.78.1.199,3,1,0,1,64,0.667203
10.1038/77722,3,1,0,1,74,0.668838
10.1007/bf00237333,3,1,0,1,118,0.665543
10.1097/00001756-199806220-00045,3,1,0,1,80,0.66318
10.1093/cercor/4.5.455,3,1,0,1,110,0.665005
10.1007/bf00241967,3,1,0,1,173,0.664439
10.1037/0096-1523.13.3.449,3,1,0,1,65,0.666542
10.1152/jn.1995.73.1.218,3,1,0,1,319,0.668716
10.1152/jn.1998.80.1.324,3,1,0,1,274,0.663649
10.1016/0042-6989(94)00279-u,3,1,0,1,943,0.664851
10.1152/jn.1985.53.4.926,3,1,0,1,449,0.666406
10.1016/s0166-2236(96)10070-9,3,1,0,1,1109,0.667735
10.1101/sqb.1996.061.01.006,3,1,0,1,70,0.66252
10.1093/cercor/4.5.523,3,1,0,1,148,0.662058
10.1037/0033-295x.98.3.409,3,1,0,1,576,0.665759
10.3758/bf03196968,3,1,0,1,1021,0.664533
10.1364/josaa.10.000759,3,1,0,1,12,0.662437
10.1037/0096-1523.18.1.121,3,1,0,1,188,0.663354
10.1037/0096-1523.21.6.1506,3,1,0,1,98,0.665072
10.1037/0278-7393.13.4.640,3,1,0,1,151,0.665767
10.1113/jphysiol.1969.sp008862,3,1,0,1,1549,0.664366
10.3758/bf03197620,3,1,0,1,26,0.664287
10.1037/0033-295x.83.1.1,3,1,0,1,891,0.66361
10.1007/978-94-009-4420-6_17,3,1,0,1,21,0.665291
10.2307/1292061,3,1,0,1,109,0.664084
10.1109/tcom.1983.1095851,3,1,0,1,4377,0.66093
10.1113/jphysiol.1968.sp008574,3,1,0,1,2286,0.662136
10.1109/tpami.1986.4767851,3,1,0,1,21513,0.656393
10.1098/rstb.1992.0012,3,1,0,1,207,0.665514
10.1148/radiology.138.2.7455116,3,1,0,1,55,0.662222
10.1037/0033-2909.111.2.291,3,1,0,1,106,0.667325
10.1073/pnas.93.21.12046,3,1,0,1,32,0.660073
10.1016/0042-6989(75)90098-x,3,1,0,1,406,0.665593
10.1152/jappl.1966.21.3.1068,3,1,0,1,638,0.667692
10.1109/tbmel.1963.4322822,3,1,0,1,830,0.665791
10.1152/jn.1969.32.5.727,3,1,0,1,216,0.66886
10.1111/j.1460-9568.2006.04888.x,3,1,0,1,322,0.669261
10.1098/rstb.1971.0078,3,2,0,2,2051,0.66349
10.1037/h0044212,3,1,0,1,224,0.66653
10.1126/science.153.3742.1351,3,1,0,1,1152,0.666972
10.1038/nature01964,3,1,0,1,1046,0.665783
10.1126/science.8351520,3,2,0,2,1836,0.658237
10.1523/jneurosci.15-11-07079.1995,3,1,0,1,545,0.667319
10.1523/jneurosci.2864-06.2007,3,1,0,1,195,0.666842
10.1523/jneurosci.21-05-01635.2001,3,1,0,1,401,0.665985
10.1038/nrn1385,3,1,0,1,495,0.665227
10.1016/s0896-6273(00)00135-5,3,1,0,1,418,0.667264
10.1093/cercor/6.2.81,3,5,0,5,707,0.666091
10.1126/science.1589772,3,3,0,3,967,0.670543
10.1523/jneurosci.16-09-03056.1996,3,5,0,5,471,0.668446
10.1126/science.274.5288.771,3,1,0,1,389,0.708136
10.1002/cne.903130404,3,1,0,1,698,0.707136
10.1016/0304-3940(90)90069-l,3,1,0,1,204,0.707423
10.1523/jneurosci.17-17-06783.1997,3,1,0,1,297,0.706527
10.1016/0306-4522(92)90516-5,3,1,0,1,13,0.707008
10.1146/annurev.neuro.20.1.185,3,2,0,2,1010,0.694229
10.1152/ajplegacy.1941.135.2.281,3,1,0,1,491,0.70709
10.1523/jneurosci.09-08-02907.1989,3,3,0,3,543,0.693291
10.1098/rstb.1997.0139,3,2,0,2,238,0.704205
10.1152/jn.1961.24.1.26,3,1,0,1,115,0.70677
10.1152/jn.1961.24.1.50,3,1,0,1,90,0.705871
10.1152/jn.1985.54.6.1473,3,1,0,1,460,0.707086
10.1152/jn.1987.57.1.260,3,1,0,1,513,0.707556
10.1126/science.8235588,3,1,0,1,2815,0.708282
10.1523/jneurosci.13-08-03252.1993,3,1,0,1,1540,0.707382
10.1523/jneurosci.13-08-03266.1993,3,1,0,1,731,0.707664
10.1038/35094565,3,1,0,1,2698,0.709924
10.1126/science.1070502,3,1,0,1,649,0.709451
10.1073/pnas.161274398,3,2,0,2,123,0.689671
10.1126/science.1071111,3,1,0,1,283,0.708163
10.1152/jn.2001.86.1.1,3,1,0,1,402,0.708252
10.1016/s0896-6273(02)00586-x,3,1,0,1,2695,0.708465
10.1523/jneurosci.15-01-00030.1995,3,1,0,1,927,0.708116
10.1016/0031-9384(92)90134-n,3,1,0,1,29,0.696665
10.1111/j.1460-9568.1993.tb00493.x,3,1,0,1,40,0.697428
10.1152/jn.1995.73.1.20,3,1,0,1,172,0.696298
10.1126/science.8511592,3,1,0,1,402,0.695688
10.1101/lm.46502,3,1,0,1,193,0.696455
10.1162/089892904322755557,3,1,0,1,100,0.696053
10.1016/s0301-0082(03)00018-2,3,1,0,1,171,0.697508
10.1038/382252a0,3,1,0,1,815,0.697464
10.1007/bf00711551,3,1,0,1,116,0.696698
10.1523/jneurosci.23-34-10897.2003,3,1,0,1,246,0.696663
10.1146/annurev.ps.41.020190.003013,3,1,0,1,153,0.695705
10.2466/pms.1972.34.1.283,3,1,0,1,53,0.696486
10.1093/sleep/2.2.193,3,1,0,1,14,0.696258
10.1016/s0169-328x(98)00057-6,3,1,0,1,73,0.695972
10.1016/s0006-8993(00)03008-0,3,1,0,1,277,0.697216
10.1093/sleep/23.4.9,3,1,0,1,106,0.696788
10.1016/s0896-6273(03)00814-6,3,1,0,1,533,0.696761
10.1152/jn.1997.78.1.335,3,1,0,1,118,0.695152
10.1038/304111a0,3,2,0,2,623,0.660899
10.1101/lm.73504,3,5,0,5,266,0.666774
10.1111/j.2517-6161.1995.tb02031.x,3,1,0,1,82557,0.689442
10.1214/aos/1013699998,3,1,0,1,7635,0.6576
10.1038/35036213,3,2,0,2,1312,0.660481
10.1523/jneurosci.17-05-01880.1997,3,1,0,1,586,0.667442
10.1038/nn1788,3,1,0,1,118,0.665407
10.1073/pnas.0700222104,3,1,0,1,91,0.666559
10.1038/304158a0,3,1,0,1,335,0.668036
10.1002/hipo.20106,3,1,0,1,261,0.669146
10.1016/j.neuron.2006.10.023,3,2,0,2,422,0.667532
10.1371/journal.pbio.0030402,3,1,0,1,870,0.665263
10.1126/science.1585183,3,2,0,2,1949,0.657274
10.1037/0735-7044.109.2.195,3,1,0,1,381,0.665272
10.1002/1098-1063(2000)10:4<438::aid-hipo10>3.0.co;2-3,3,1,0,1,271,0.666354
10.1016/j.neuron.2008.01.036,3,2,0,2,142,0.668882
10.1126/science.1529342,3,1,0,1,261,0.716402
10.1037/0735-7044.99.6.1040,3,1,0,1,259,0.7115
10.1113/jphysiol.1973.sp010274,3,1,0,1,1128,0.715683
10.1523/jneurosci.14-10-06160.1994,3,1,0,1,286,0.713905
10.1126/science.164.3881.828,3,1,0,1,306,0.713245
10.1016/s0893-6080(05)80042-5,3,1,0,1,53,0.713794
10.1016/0006-8993(87)90496-3,3,1,0,1,75,0.714372
10.1016/0006-8993(78)90030-6,3,1,0,1,508,0.714808
10.1098/rstb.1990.0164,3,1,0,1,203,0.718444
10.1016/s0006-3495(67)86597-4,3,1,0,1,1048,0.716876
10.1146/annurev.ne.10.030187.001023,3,1,0,1,464,0.715639
10.1088/0954-898x_2_4_004,3,1,0,1,200,0.713412
10.1152/jn.1972.35.2.230,3,1,0,1,60,0.712283
10.1152/jn.1988.60.3.909,3,1,0,1,255,0.680961
10.1152/jn.1993.70.4.1629,3,1,0,1,441,0.681885
10.1152/jn.1989.61.5.900,3,1,0,1,885,0.680381
10.1023/a:1008861001091,3,2,0,2,53,0.654878
10.1523/jneurosci.18-24-10464.1998,3,1,0,1,3768,0.682762
10.1162/neco.1996.8.1.85,3,2,0,2,271,0.656946
10.1126/science.290.5492.812,3,2,0,2,359,0.656146
10.1038/nn834,3,2,0,2,686,0.696361
10.1523/jneurosci.07-03-00774.1987,3,1,0,1,441,0.680073
10.1037/0735-7044.116.2.286,3,1,0,1,237,0.680424
10.1523/jneurosci.19-10-04090.1999,3,4,0,4,609,0.668559
10.1016/0306-4522(83)90010-6,3,1,0,1,552,0.68136
10.1016/s0896-6273(01)00186-6,3,1,0,1,864,0.681654
10.1126/science.275.5297.213,3,1,0,1,3131,0.683027
10.1073/pnas.94.16.8918,3,1,0,1,421,0.680829
10.1016/s0896-6273(00)81072-7,3,1,0,1,411,0.68009
10.1038/nature00807,3,1,0,1,554,0.68267
10.1016/s0959-4388(99)80025-7,3,1,0,1,97,0.732301
10.1038/nn1202,3,2,0,2,143,0.670855
10.1126/science.271.5257.1870,3,1,0,1,922,0.736642
10.1126/science.1073538,3,1,0,1,338,0.735304
10.1371/journal.pbio.0020024,3,1,0,1,195,0.731977
10.1016/s0896-6273(00)80773-4,3,2,0,2,839,0.667889
10.1016/j.tins.2004.12.001,3,1,0,1,356,0.732681
10.1523/jneurosci.19-21-09497.1999,3,1,0,1,746,0.731528
10.1093/brain/120.7.1173,3,1,0,1,992,0.696956
10.1006/nimg.2001.0806,3,1,0,1,393,0.697198
10.1093/cercor/12.9.893,3,1,0,1,88,0.697711
10.1037/0096-3445.120.3.235,3,1,0,1,424,0.697191
10.1006/nimg.2002.1091,3,1,0,1,624,0.69694
10.1523/jneurosci.22-15-06830.2002,3,1,0,1,672,0.697003
10.1016/0166-4328(95)00012-i,3,1,0,1,263,0.696463
10.1016/s0896-6273(03)00095-3,3,1,0,1,631,0.696573
10.1523/jneurosci.17-12-04800.1997,3,1,0,1,259,0.697286
10.1016/0166-4328(95)00015-l,3,1,0,1,89,0.69652
10.1038/35084005,3,1,0,1,5039,0.696356
10.1016/j.conb.2007.02.006,3,1,0,1,223,0.664968
10.1126/science.1098180,3,1,0,1,526,0.664847
10.1016/0166-4328(95)00034-8,3,1,0,1,191,0.667558
10.1038/nn1369,3,1,0,1,88,0.665673
10.1101/lm.726008,3,2,0,2,234,0.66896
10.1038/nn.2337,3,1,0,1,662,0.665821
10.1007/bf00185879,3,1,0,1,12,0.66491
10.1093/brain/awn103,3,1,0,1,327,0.66752
10.1038/nn1961,3,2,0,2,1037,0.666905
10.1016/s0896-6273(03)00752-9,3,1,0,1,451,0.667974
10.1038/nature04587,3,2,0,2,1366,0.666811
10.1126/science.1164685,3,2,0,2,380,0.669772
10.1523/jneurosci.3524-04.2004,3,1,0,1,277,0.665542
10.1016/j.nlm.2006.10.006,3,1,0,1,97,0.665352
10.3758/bf03194952,3,1,0,1,224,0.676765
10.1002/1099-0720(200103/04)15:2<159::aid-acp694>3.0.co;2-d,3,1,0,1,32,0.677382
10.1016/j.neuron.2005.10.009,3,1,0,1,96,0.677212
10.1101/lm.90405,3,1,0,1,85,0.677505
10.1038/77744,3,1,0,1,530,0.676989
10.1016/s1053-8119(03)00278-7,3,1,0,1,216,0.677075
10.1126/science.287.5451.248,3,1,0,1,3240,0.663098
10.1016/b978-008045046-9.00770-1,3,1,0,1,13,0.662769
10.1016/j.brainresbull.2003.09.004,3,1,0,1,901,0.664641
10.1038/nrn2590,3,1,0,1,590,0.661632
10.1016/s0166-2236(02)00042-5,3,1,0,1,567,0.665894
10.1101/lm.7.2.73,3,1,0,1,702,0.664114
10.1038/35021052,3,1,0,1,2137,0.666855
10.1126/science.160.3827.554,3,1,0,1,643,0.664007
10.1016/s0896-6273(03)00674-3,3,1,0,1,269,0.666589
10.1038/nn1871,3,1,0,1,142,0.667521
10.1038/nn1667,3,1,0,1,136,0.666597
10.1038/nature08637,3,1,0,1,974,0.669135
10.1038/nn.2498,3,1,0,1,186,0.66586
10.1101/lm.365707,3,1,0,1,417,0.66881
10.1101/lm.486107,3,1,0,1,176,0.668641
10.1371/journal.pone.0007519,3,1,0,1,68,0.671425
10.1126/science.1148979,3,1,0,1,438,0.665357
10.1038/nrn2762,3,1,0,1,2940,0.662936
10.1523/jneurosci.18-18-07411.1998,3,1,0,1,458,0.662671
10.1016/j.tics.2006.11.004,3,1,0,1,2010,0.662031
10.1155/2008/381243,3,1,0,1,322,0.661539
10.1093/brain/awm146,3,1,0,1,346,0.66601
10.1111/j.1460-9568.2007.05684.x,3,1,0,1,132,0.662691
10.1523/jneurosci.2862-08.2008,3,1,0,1,188,0.663716
10.1002/hipo.20345,3,1,0,1,326,0.666012
10.1523/jneurosci.3761-07.2007,3,1,0,1,833,0.662822
10.1002/hipo.20022,3,1,0,1,56,0.662891
10.1038/342175a0,3,1,0,1,420,0.666906
10.1017/cbo9780511623257,3,1,0,1,1057,0.664989
10.1016/0022-5193(64)90067-0,3,1,0,1,160,0.666146
10.1016/s0079-6123(08)61257-1,3,1,0,1,256,0.668524
10.1038/nn1905,3,1,0,1,459,0.66761
10.1103/physreve.58.7738,3,1,0,1,145,0.669122
10.1523/jneurosci.4724-06.2007,3,1,0,1,111,0.666488
10.1016/j.neuron.2006.08.016,3,1,0,1,66,0.665453
10.1002/hipo.450010207,3,2,0,2,449,0.668708
10.1126/science.1071089,3,1,0,1,490,0.664011
10.1523/jneurosci.2857-06.2006,3,1,0,1,46,0.668714
10.1002/hipo.20327,3,1,0,1,587,0.663623
10.1016/j.tins.2005.01.007,3,1,0,1,80,0.669589
10.1002/hipo.20091,3,1,0,1,327,0.666642
10.1007/bf00243212,3,1,0,1,425,0.668459
10.1002/cne.902460403,3,1,0,1,403,0.665131
10.1097/00001756-199902250-00033,3,1,0,1,119,0.670717
10.1523/jneurosci.23-26-08827.2003,3,1,0,1,284,0.664224
10.1126/science.1257783,3,1,0,1,400,0.665063
10.1152/jn.1983.50.5.1197,3,1,0,1,279,0.660548
10.1523/jneurosci.5475-09.2010,3,1,0,1,77,0.664641
10.1523/jneurosci.4755-08.2009,3,1,0,1,142,0.667141
10.1121/1.380686,3,1,0,1,58,0.666793
10.1002/(sici)1096-9861(19980824)398:2<179::aid-cne3>3.0.co;2-y,3,1,0,1,573,0.664488
10.1002/hipo.450050503,3,1,0,1,428,0.666271
10.1152/jn.00827.2005,3,1,0,1,30,0.664819
10.1152/jn.1996.76.3.1698,3,1,0,1,351,0.664028
10.1152/jn.1986.55.2.331,3,1,0,1,34,0.666614
10.1016/j.tins.2008.06.008,3,1,0,1,395,0.667093
10.1523/jneurosci.19-01-00274.1999,3,1,0,1,843,0.664624
10.1126/science.144.3618.555,3,1,0,1,60,0.667337
10.3758/bf03203109,3,1,0,1,47,0.664187
10.1523/jneurosci.2975-03.2004,3,1,0,1,258,0.664371
10.1523/jneurosci.07-03-00716.1987,3,1,0,1,269,0.664999
10.1016/j.beproc.2006.08.005,3,1,0,1,22,0.666276
10.1115/1.3656559,3,1,0,1,123,0.71089
10.1080/00207216108937350,3,1,0,1,119,0.712059
10.1109/proc.1963.2123,3,1,0,1,19,0.710545
10.1137/1105015,3,1,0,1,242,0.710759
10.1145/322234.322243,3,1,0,1,1154,0.654615
10.1137/0206049,3,1,0,1,479,0.654717
10.1016/0022-0000(85)90045-5,3,2,0,2,149,0.654062
10.1287/mnsc.34.3.391,3,1,0,1,1151,0.661786
10.2514/3.20721,3,1,0,1,58,0.662926
10.1111/j.1467-8640.1989.tb00324.x,3,2,0,2,429,0.653413
10.1016/0004-3702(72)90051-3,3,1,0,1,526,0.663383
10.1016/0004-3702(71)90010-5,3,2,0,2,2345,0.652746
10.1016/0004-3702(86)90031-7,3,1,0,1,819,0.666546
10.1177/105971239300100403,3,1,0,1,78,0.66609
10.1287/opre.34.6.871,3,1,0,1,759,0.665655
10.1287/opre.27.5.1041,3,1,0,1,48,0.664401
10.1007/bf02551353,3,1,0,1,35,0.66091
10.1016/0022-247x(69)90163-2,3,3,0,3,47,0.672626
10.1515/9781400874668,3,1,0,1,2467,0.662149
10.1137/0327034,3,1,0,1,46,0.664415
10.1016/0167-6911(88)90043-6,3,1,0,1,19,0.663524
10.1007/bf01448194,3,1,0,1,16,0.660964
10.1287/inte.15.6.73,3,1,0,1,74,0.665065
10.1287/inte.18.5.55,3,2,0,2,53,0.666299
10.1007/978-1-4615-6746-2,3,1,0,1,319,0.666228
10.1287/opre.36.3.437,3,1,0,1,80,0.664372
10.1007/978-1-4419-8714-3,3,1,0,2,284,0.661118
10.1002/1520-6750(198810)35:5<447::aid-nav3220350509>3.0.co;2-i,3,1,0,1,23,0.662476
10.1287/opre.13.5.712,3,1,0,1,24,0.661735
10.1109/tssc.1965.300058,3,1,0,1,28,0.665422
10.1177/027836498800700101,3,1,0,1,183,0.651347
10.1016/0004-3702(87)90092-0,3,1,0,1,495,0.651401
10.1016/0004-3702(90)90060-d,3,1,0,1,1070,0.65049
10.1016/0004-3702(88)90087-2,3,1,0,1,66,0.650248
10.1016/0004-3702(88)90056-2,3,1,0,1,73,0.652323
10.1207/s15516709cog0102_2,3,1,0,1,70,0.650844
10.1016/0004-3702(90)90040-7,3,1,0,1,81,0.650539
10.1016/0004-3702(94)90002-7,3,1,0,1,30,0.649938
10.1177/027836498400300101,3,1,0,1,559,0.650333
10.1002/int.4550060404,3,1,0,1,24,0.650881
10.1111/j.1467-8640.1988.tb00285.x,3,1,0,1,44,0.651101
10.1145/321250.321253,3,1,0,1,2426,0.652286
10.1016/0016-0032(65)90528-4,3,1,0,1,38,0.652176
10.1287/moor.9.3.391,3,1,0,1,72,0.652684
10.1007/978-3-642-46516-1,3,1,0,1,26,0.651044
10.1016/0022-247x(78)90174-9,3,1,0,1,30,0.651104
10.1287/opre.35.5.736,3,1,0,1,101,0.651042
10.1287/opre.15.3.559,3,1,0,1,53,0.650834
10.1287/mnsc.23.8.890,3,1,0,1,40,0.651176
10.1137/0318028,3,2,0,2,44,0.653809
10.1515/9781400873173,3,1,0,1,10018,0.656233
10.1287/opre.24.1.141,3,1,0,1,78,0.65104
10.1287/mnsc.17.9.587,3,1,0,1,141,0.651635
10.1080/00207727908941584,3,1,0,1,53,0.651074
10.1016/0377-2217(80)90211-8,3,1,0,1,21,0.650798
10.1007/bf02579150,3,1,0,1,2853,0.662426
10.1287/moor.12.3.441,3,1,0,1,734,0.664005
10.1214/aoms/1177697379,3,1,0,1,177,0.664839
10.1109/proc.1976.10293,3,1,0,1,30,0.650806
10.1007/978-3-642-45470-7,3,1,0,1,37,0.650537
10.1109/tac.1976.1101383,3,1,0,1,34,0.652514
10.1109/tac.1974.1100635,3,1,0,1,269,0.651245
10.1287/opre.39.1.162,3,1,0,1,168,0.667874
10.1287/opre.30.2.301,3,1,0,1,17,0.665221
10.1287/mnsc.24.11.1127,3,1,0,1,127,0.668007
10.1016/0377-2217(89)90348-2,3,1,0,1,116,0.666138
10.1016/0304-3975(93)90357-y,3,1,0,1,20,0.665643
10.1145/146585.146588,3,1,0,1,211,0.669332
10.1016/0166-218x(92)90039-d,3,1,0,1,17,0.667913
10.1137/s0097539793245829,3,1,0,1,22,0.666475
10.1007/bf01768705,3,1,0,1,241,0.663193
10.1016/0304-3975(93)90026-p,3,1,0,1,23,0.66209
10.1016/0304-3975(93)90356-x,3,1,0,1,16,0.662663
10.1016/0041-5553(88)90012-2,3,1,0,1,96,0.663701
10.1016/0012-365x(78)90011-0,3,1,0,1,407,0.665312
10.1007/bf01580616,3,1,0,1,34,0.663076
10.1006/inco.1995.1035,3,1,0,1,55,0.666375
10.1016/0304-3975(80)90061-4,3,1,0,1,250,0.66654
10.1007/bf01586040,3,1,0,1,86,0.668609
10.1137/0204018,3,1,0,1,170,0.661137
10.1002/net.3230210206,3,1,0,1,112,0.669024
