DOI,References,Score
10.1002/hipo.20707,"['10.1007/bf00185879', '10.1093/brain/awn103', '10.1101/lm.73504', '10.1016/0006-8993(86)91483-6', '10.1016/0306-4522(89)90423-5', '10.1093/cercor/6.2.81', '10.1016/0165-0173(83)90037-1', '10.1126/science.290.5492.812', '10.1038/nn1961', '10.1101/lm.726008', '10.1016/s0896-6273(03)00752-9', '10.1038/nature04587', '10.1101/lm.80504', '10.1126/science.1164685', '10.1523/jneurosci.3524-04.2004', '10.1016/j.nlm.2006.10.006', '10.1038/nn1825', '10.1038/nn1202', '10.1016/s0896-6273(02)01096-6', '10.1016/j.neuron.2008.01.036']",1
10.1002/j.1556-6676.1992.tb01670.x,"['10.1037/h0029767', '10.1037/0003-066x.38.2.175', '10.1002/j.1556-6676.1985.tb01015.x', '10.1146/annurev.ps.37.020186.000245', '10.1037/0033-2909.93.1.179', '10.1037/0021-9010.72.3.457', '10.1037/0003-066x.35.11.1012', '10.1037/0003-066x.36.10.1181', '10.1146/annurev.ps.29.020178.001143']",0.659257
10.1002/syn.890100307,"['10.1016/0091-3057(75)90091-x', '10.1037/0735-7044.104.1.177', '10.1016/0091-3057(86)90092-4', '10.1016/0091-3057(74)90085-9', '10.1016/0091-3057(76)90205-7', '10.1037/h0083703', '10.1523/jneurosci.09-10-03400.1989', '10.1038/266556a0', '10.1007/bf00433088', '10.1016/0014-2999(90)90540-m', '10.1037/h0036330', '10.1037/h0033120', '10.1016/0006-8993(87)91327-8', '10.1007/978-1-4612-4812-5_14', '10.1016/0165-0270(80)90016-3', '10.1016/0024-3205(81)90148-x', '10.1126/science.6324347', '10.1016/0006-8993(81)90962-8', '10.1016/0006-8993(83)91232-5']",0.668807
10.1007/3-540-44795-4_20,"['10.1145/321892.321894', '10.1109/18.144706', '10.1007/978-1-4757-2606-0', '10.1016/s0893-6080(96)00127-x', '10.1016/s0019-9958(64)90223-2', '10.1109/tit.1978.1055913', '10.1023/a:1007383707642']",0.659649
10.1007/bf00114724,"['10.1002/aic.690390108', '10.1016/0004-3702(94)00011-o', '10.2307/2002797', '10.1162/neco.1995.7.2.270', '10.1109/9.24227', '10.1162/neco.1994.6.6.1185', '10.1016/0004-3702(87)90051-8', '10.1109/5.58326', '10.1016/0022-247x(85)90317-8', '10.1287/moor.3.3.231']",0.608974
10.1007/bf00114726,"['10.1109/21.229449', '10.1023/a:1022632907294', '10.1162/neco.1993.5.4.613', '10.1162/neco.1994.6.6.1185', '10.1023/a:1022628806385', '10.1109/5.58338', '10.1002/9780470316511', '10.1016/b978-1-55860-377-6.50072-4', '10.1016/b978-1-55860-307-3.50047-2', '10.1023/a:1022624705476', '10.2307/2002546', '10.1162/evco.1995.3.2.149']",0.608704
10.1007/bf00115009,"['10.1207/s15516709cog0901_7', '10.1016/b978-0-934613-41-5.50014-3', '10.1109/tsmc.1983.6313077', '10.1007/bf00317987', '10.3758/bf03205056', '10.1016/0166-4328(86)90092-6', '10.21236/ada164453', '10.1147/rd.33.0210', '10.1037/0033-295x.88.2.135', '10.21236/ad0241531', '10.1016/s0019-9958(77)90354-0']",0.642801
10.1007/bf00116037,"['10.1016/0022-0000(80)90041-0', '10.1016/0022-0000(79)90045-x', '10.1016/0020-0190(87)90114-1', '10.1145/76359.76371', '10.1016/0890-5401(89)90001-1', '10.1016/b978-0-08-094829-4.50028-3', '10.1080/01621459.1963.10500830', '10.1145/28395.28426', '10.1145/73007.73049', '10.1145/48014.63140', '10.1145/1968.1972']",0.628255
10.1007/bf00342633,"['10.1038/228477a0', '10.1103/revmodphys.34.135', '10.1109/tssc.1969.300225', '10.1007/bf00571695', '10.1113/jphysiol.1959.sp006308', '10.1113/jphysiol.1962.sp006837', '10.1152/jn.1965.28.2.229', '10.1007/bf00288907', '10.1113/jphysiol.1969.sp008820', '10.1098/rspb.1970.0040']",0.633258
10.1007/bf00344251,"['10.1007/bf00342633', '10.1152/jn.1972.35.1.96', '10.1113/jphysiol.1962.sp006837', '10.1152/jn.1965.28.2.229', '10.1098/rspb.1977.0085']",0.678695
10.1007/bf00426039,"['10.1016/0006-8993(76)90078-0', '10.1007/bf00421222', '10.1016/0091-3057(76)90200-8', '10.1016/0006-8993(69)90003-1', '10.1007/bf00505669', '10.1016/0006-8993(77)90960-x', '10.1016/0361-9230(76)90110-6', '10.1016/0091-3057(76)90018-6', '10.1016/0304-3940(75)90036-1', '10.1016/0006-8993(75)90998-1', '10.1037/h0081676', '10.1016/0091-3057(74)90103-8', '10.1016/s0091-6773(72)80218-9', '10.1016/0091-3057(73)90083-x', '10.1007/bf00422799', '10.1007/bf00421431']",0.669606
10.1007/bf00934845,"['10.1109/proc.1976.10293', '10.1007/978-3-642-45470-7', '10.1016/0022-247x(69)90163-2', '10.1016/0022-247x(65)90154-x', '10.1109/tac.1976.1101383', '10.1109/tac.1974.1100635']",0.663768
10.1007/bf00992697,"['10.1016/b978-0-934613-41-5.50014-3', '10.1145/76359.76371', '10.1016/0004-3702(74)90027-7', '10.1016/0893-6080(89)90020-8', '10.1016/0004-3702(88)90076-8', '10.1214/aoms/1177729586', '10.7551/mitpress/5236.001.0001', '10.1147/rd.33.0210', '10.1147/rd.116.0601', '10.1016/0004-3702(89)90017-9', '10.1137/1116025', '10.1109/proc.1976.10286', '10.1287/mnsc.23.8.853']",0.650985
10.1007/bf00992698,"['10.1515/9781400874651', '10.1007/978-1-4684-9352-8', '10.1007/bf00992699', '10.1109/21.21595']",0.62826
10.1007/bf00993306,"['10.1109/tac.1982.1102980', '10.1287/moor.16.3.580', '10.1007/978-1-4684-9352-8', '10.1080/17442508708833475', '10.1137/0325070', '10.1109/tac.1987.1104684', '10.1109/tac.1986.1104412']",0.636405
10.1007/bf00993978,"['10.1007/978-3-642-75894-2', '10.1162/neco.1992.4.1.1', '10.1007/978-1-4684-9352-8', '10.1214/aoms/1177729586', '10.1147/rd.33.0210']",0.608253
10.1007/bf02055574,"['10.1016/0016-0032(65)90528-4', '10.1016/0022-247x(65)90154-x', '10.1287/moor.9.3.391', '10.1214/aoms/1177700285', '10.1287/opre.32.5.1107', '10.1007/978-3-642-46516-1', '10.1016/0022-247x(78)90174-9', '10.1287/opre.35.5.736', '10.1287/opre.15.3.559', '10.1287/mnsc.28.1.1', '10.1287/mnsc.23.8.890', '10.1137/0318028', '10.1515/9781400873173', '10.1287/opre.24.1.141', '10.1287/mnsc.17.9.587', '10.1287/opre.21.5.1071', '10.1287/opre.26.2.282', '10.1080/00207727908941584', '10.1016/0377-2217(80)90211-8', '10.1287/opre.37.5.791']",0.663067
10.1007/bf02084159,"['10.1007/bf02084158', '10.1109/tit.1974.1055172', '10.1145/321832.321839', '10.1038/scientificamerican0575-47', '10.1145/321892.321894', '10.1147/rd.214.0350', '10.1002/cpa.3160310407', '10.1090/pspum/028.2/0432534', '10.1007/978-1-4613-9435-8_10', '10.1038/scientificamerican1179-20', '10.1080/00029890.1982.11995373']",0.664038
10.1007/bf02204836,"['10.1016/0022-247x(65)90154-x', '10.1016/0022-247x(69)90163-2', '10.1287/opre.39.1.162', '10.1287/mnsc.28.1.1', '10.1137/0318028', '10.1287/opre.30.2.301', '10.1287/mnsc.24.11.1127', '10.1287/opre.21.5.1071', '10.1287/opre.26.2.282', '10.1007/bf00934845', '10.1287/opre.37.5.791', '10.1016/0377-2217(89)90348-2', '10.1287/inte.18.5.55']",0.665321
10.1007/bf02283610,"['10.1287/opre.27.5.1041', '10.1007/bf02551353', '10.1016/0022-247x(65)90154-x', '10.1016/0022-247x(69)90163-2', '10.1515/9781400874668', '10.1137/0327034', '10.1016/0167-6911(88)90043-6', '10.1007/bf01448194', '10.1287/inte.15.6.73', '10.1287/inte.18.5.55', '10.1007/978-1-4615-6746-2', '10.1287/opre.36.3.437', '10.1007/978-1-4419-8714-3', '10.1002/1520-6750(198810)35:5<447::aid-nav3220350509>3.0.co;2-i']",0.661586
10.1007/bf02551274,"['10.1162/neco.1989.1.1.151', '10.1109/37.1866', '10.1145/12130.12158', '10.5802/aif.474', '10.1109/ijcnn.1989.118639', '10.1137/0905013', '10.1109/29.1651', '10.1016/0893-6080(89)90020-8', '10.1214/aos/1176349519', '10.1109/massp.1987.1165576', '10.1090/pspum/028.2/0507425', '10.1007/bf00336857', '10.7551/mitpress/5236.001.0001', '10.1145/1968.1972']",0.624865
10.1007/s00213-006-0578-x,"['10.1016/0166-2236(95)80020-3', '10.1016/j.neuroscience.2005.06.038', '10.1038/nn1613', '10.1002/cne.10783', '10.1006/nlme.2000.4002', '10.1016/j.neuron.2005.05.020', '10.1523/jneurosci.21-09-03236.2001', '10.1016/s0896-6273(00)81056-9', '10.1016/s0149-7634(99)00072-x', '10.1016/j.physbeh.2004.02.004', '10.1016/0149-7634(94)00026-w', '10.1016/s0165-0173(98)00019-8', '10.1037/0735-7044.105.1.3', '10.1080/02699930302289', '10.1037/0735-7044.103.1.36', '10.1186/1741-7007-3-4', '10.1017/s0140525x00059380', '10.1037/h0033120', '10.1016/s0091-3057(96)00240-7']",0.663461
10.1007/s10514-009-9120-4,"['10.1016/s0004-3702(99)00026-0', '10.1109/iros.2008.4650953', '10.1080/088395198117848', '10.1163/1568553041719519', '10.1177/0278364907087548', '10.1016/j.neunet.2008.02.003', '10.1109/icnn.1993.298623', '10.1177/105971230501300301', '10.1016/0004-3702(89)90017-9', '10.1016/j.robot.2004.05.005']",0.654666
10.1007/s11023-007-9079-x,"['10.1109/21.97471', '10.1002/j.1556-6676.1992.tb01670.x', '10.3406/psy.1904.3675', '10.2307/2184371', '10.1007/978-3-662-04978-5', '10.1017/cbo9780511571312', '10.1007/bf02084159', '10.1109/jproc.1995.481636', '10.1093/mind/xcix.393.53', '10.1016/s0160-2896(97)90011-8', '10.1016/s0160-2896(97)90014-3', '10.1080/09528138908953691', '10.1023/a:1008367325700', '10.1016/b978-0-12-293850-4.50022-4', '10.1145/224538.224567', '10.1007/3-540-44795-4_20', '10.1016/j.tcs.2007.05.016']",0.654554
10.1016/0004-3702(89)90017-9,"['10.1207/s15516709cog0901_7', '10.1038/scientificamerican0680-64', '10.1016/0893-6080(88)90023-8', '10.1007/bf00336991', '10.1007/bf00317987', '10.1038/333452a0', '10.1016/0022-2836(88)90564-5', '10.1016/s0885-2308(86)80008-0', '10.1038/323533a0', '10.1147/rd.33.0210']",0.652655
10.1016/0004-3702(94)00086-g,"['10.1287/mnsc.34.3.391', '10.1016/0004-3702(94)00011-o', '10.2514/3.20721', '10.1111/j.1467-8640.1989.tb00324.x', '10.1016/0004-3702(72)90051-3', '10.1016/0004-3702(71)90010-5', '10.1016/0004-3702(94)00087-h', '10.1007/bf02055574', '10.1287/mnsc.28.1.1', '10.1016/0004-3702(86)90031-7', '10.1177/105971239300100403', '10.1287/opre.34.6.871', '10.1287/opre.21.5.1071']",0.661295
10.1016/0004-3702(94)00087-h,"['10.1177/027836498800700101', '10.1016/0004-3702(87)90092-0', '10.1016/0004-3702(90)90060-d', '10.1016/0004-3702(88)90087-2', '10.1111/j.1467-8640.1989.tb00324.x', '10.1016/0004-3702(88)90056-2', '10.1207/s15516709cog0102_2', '10.1016/0004-3702(71)90010-5', '10.1016/0004-3702(90)90040-7', '10.1016/0004-3702(94)90002-7', '10.1177/027836498400300101', '10.1002/int.4550060404', '10.1111/j.1467-8640.1988.tb00285.x', '10.1145/321250.321253']",0.662487
10.1016/0006-8993(71)90358-1,"['10.1037/h0024599', '10.1113/jphysiol.1959.sp006308', '10.1037/h0026470', '10.1037/h0061626', '10.1016/0013-4694(69)90092-3', '10.1016/0014-4886(67)90172-0']",0.668515
10.1016/0006-8993(75)90998-1,"['10.1016/0014-2999(70)90006-3', '10.1016/0006-8993(70)90186-1', '10.1016/0006-2952(73)90147-0', '10.1111/j.1476-5381.1971.tb07177.x', '10.1016/0006-8993(74)90647-7', '10.1016/0006-8993(72)90734-2', '10.1016/0006-8993(72)90735-4', '10.1016/0024-3205(66)90006-3', '10.1007/bf00403900', '10.1111/j.1476-5381.1973.tb08194.x', '10.1016/0028-3908(73)90120-2', '10.1007/bf00505669', '10.1126/science.179.4073.575', '10.1016/0024-3205(63)90087-0', '10.1037/h0035289', '10.1016/0006-8993(71)90182-x', '10.1016/0014-4886(74)90089-2', '10.1037/h0027655', '10.1016/0014-2999(72)90132-x']",0.663811
10.1016/0006-8993(80)90666-6,"['10.1016/0006-8993(71)90272-1', '10.1016/0304-3940(77)90018-0', '10.1016/0031-9384(74)90313-8', '10.1016/0006-8993(75)90885-9', '10.1016/0006-8993(76)90007-x', '10.1016/0006-8993(74)90647-7', '10.1016/0006-8993(77)91025-3', '10.1016/0006-8993(77)90047-6', '10.1016/0006-8993(79)90461-x', '10.1016/0006-8993(72)90734-2', '10.1016/0006-8993(72)90735-4', '10.1016/0024-3205(66)90006-3', '10.1037/h0077391', '10.1002/cne.901800310', '10.1016/0304-3940(78)90160-x', '10.1146/annurev.pa.18.040178.000345', '10.1007/bf00428696', '10.1037/h0077500', '10.1016/0006-8993(76)90809-x', '10.1016/0091-3057(78)90361-1']",0.668634
10.1016/0006-8993(86)91483-6,"['10.1152/jn.1984.52.5.892', '10.1126/science.7444438', '10.1007/bf00234087', '10.1038/198540a0', '10.1002/cne.901380404', '10.1113/jphysiol.1973.sp010273', '10.1016/0301-0082(84)90023-6', '10.1016/0165-0173(83)90037-1', '10.1016/0006-8993(79)90141-0', '10.1016/0306-4522(83)90100-8', '10.1016/0006-8993(81)91203-8', '10.1016/0006-8993(83)90283-4', '10.1016/0010-440x(70)90017-9', '10.1016/0014-4886(69)90076-4', '10.1016/0304-3940(81)90080-x', '10.1152/jn.1984.51.5.1011', '10.1007/bf00716267', '10.1093/sleep/1.3.231', '10.1038/300448a0', '10.1016/0006-8993(85)90584-0']",0.650568
10.1016/0010-0285(91)90016-h,"['10.1037/h0027577', '10.1037/0033-295x.94.2.115', '10.1016/0010-0285(88)90024-2', '10.1037/h0041727', '10.1016/0010-0285(73)90004-2', '10.1207/s15516709cog0502_2', '10.1017/s0022226700005363', '10.1037/0096-3445.115.2.107', '10.1525/ae.1978.5.1.02a00060', '10.1037/0022-3514.60.3.348', '10.1016/0010-0285(84)90009-4', '10.1016/s0022-5371(84)90170-1', '10.2307/1129660', '10.1146/annurev.ps.32.020181.000513', '10.1037/0033-295x.92.3.289', '10.1016/s0022-5371(82)90412-1', '10.1016/0010-0285(76)90013-x', '10.1111/j.1540-4560.1985.tb01130.x', '10.1016/s0020-7373(85)80064-x', '10.3406/psy.1968.27596']",0.663047
10.1016/0022-247x(65)90154-x,"['10.1115/1.3656559', '10.1080/00207216108937350', '10.1109/proc.1963.2123', '10.1137/1105015']",0.670727
10.1016/0028-3932(83)90005-2,"['10.1001/archneur.1979.00500400065010', '10.1016/0028-3932(74)90014-1', '10.1126/science.7414331', '10.1016/0028-3932(81)90064-6', '10.1016/0028-3932(68)90024-9', '10.3758/bf03334277', '10.1037/h0034760', '10.1097/00005053-198106000-00009', '10.1093/brain/102.4.749', '10.1016/0028-3932(75)90013-5', '10.1016/s0022-5371(79)90255-x', '10.1016/0028-3932(80)90059-7', '10.1093/brain/94.4.661', '10.1007/978-1-4684-7890-7_2', '10.1016/0028-3932(82)90026-4', '10.1136/jnnp.20.1.11', '10.1212/wnl.24.6.527', '10.1146/annurev.ne.05.030182.001325', '10.1016/s0163-1047(79)90841-0', '10.1002/ana.410060607']",0.664565
10.1016/0031-3203(82)90024-3,"['10.1007/bf00344251', '10.1007/bf00342633', '10.1109/tssc.1969.300225']",0.630206
10.1016/0042-6989(80)90128-5,"['10.1016/0042-6989(75)90098-x', '10.1152/jappl.1966.21.3.1068', '10.1109/tbmel.1963.4322822', '10.1152/jn.1969.32.5.727']",0.663515
10.1016/0165-0173(83)90038-3,"['10.3758/bf03335333', '10.1016/0014-2999(70)90006-3', '10.1016/0024-3205(81)90314-3', '10.1016/0006-8993(81)90187-6', '10.1016/0091-3057(78)90296-4', '10.1016/0091-3057(75)90121-5', '10.1016/0091-3057(82)90434-8', '10.1126/science.850798', '10.3758/bf03332973', '10.1126/science.6857251', '10.1007/bf00433088', '10.1111/j.1476-5381.1981.tb09967.x', '10.1016/0091-3057(80)90051-9', '10.1007/bf00426515', '10.1007/bf00432132', '10.1016/0091-3057(81)90110-6', '10.1016/0091-3057(83)90290-3', '10.1017/s0140525x00059380', '10.1038/215375a0']",0.660776
10.1016/0166-2236(87)90011-7,"['10.1016/0006-8993(77)90550-9', '10.1007/bf00335349', '10.1016/0025-5564(78)90058-5', '10.1038/222960a0', '10.1113/jphysiol.1969.sp008820', '10.1126/science.6324350', '10.1002/cne.901440206', '10.1002/cne.901670303', '10.1016/0006-8993(80)90226-7', '10.1002/cne.901990405', '10.1152/jn.1981.46.5.952', '10.1002/cne.901380404', '10.1016/0006-8993(81)90413-3', '10.1002/cne.902190304', '10.1016/0006-8993(85)91556-2', '10.1007/bf01258450', '10.1016/0006-8993(78)91113-7', '10.1113/jphysiol.1982.sp014255', '10.1007/bf00236742', '10.1007/bf00238898']",0.618436
10.1016/0167-6377(90)90022-w,"['10.1007/bf02579150', '10.1016/0022-0000(85)90045-5', '10.1287/moor.12.3.441', '10.1214/aoms/1177697379']",0.66324
10.1016/0304-3975(95)00188-3,"['10.1016/0304-3975(93)90357-y', '10.1145/146585.146588', '10.1016/0166-218x(92)90039-d', '10.1137/s0097539793245829', '10.1016/0890-5401(92)90048-k', '10.1007/bf01768705', '10.1016/0304-3975(93)90026-p', '10.1016/0304-3975(93)90356-x', '10.1016/0041-5553(88)90012-2', '10.1016/0012-365x(78)90011-0', '10.1007/bf01580616', '10.1006/inco.1995.1035', '10.1016/0304-3975(80)90061-4', '10.1007/bf01586040', '10.1137/0204018', '10.1002/net.3230210206']",0.662742
10.1016/0306-4522(89)90423-5,"['10.1016/0304-3940(88)90477-6', '10.1113/jphysiol.1985.sp015714', '10.1016/0304-3940(86)90466-0', '10.1002/cne.901820508', '10.1007/bf00234087', '10.1016/0006-8993(88)90763-9', '10.1016/0013-4694(80)90160-1', '10.1038/330649a0', '10.1523/jneurosci.01-08-00876.1981', '10.1038/290413a0', '10.1016/0014-4886(86)90129-9', '10.1016/0306-4522(88)90127-3', '10.1016/0301-0082(86)90019-5', '10.1113/jphysiol.1973.sp010273', '10.1113/jphysiol.1983.sp014507', '10.1016/0006-8993(85)90257-4', '10.1016/0006-8993(87)90793-1', '10.1016/0006-8993(89)91001-9', '10.1016/0301-0082(84)90023-6', '10.1016/0006-8993(84)91356-8']",0.710603
10.1016/0306-4522(94)90592-4,"['10.1109/tsmc.1983.6313077', '10.1038/320172a0', '10.1016/0006-8993(92)90110-u', '10.1016/0306-4522(89)90354-0', '10.1523/jneurosci.03-08-01599.1983', '10.1016/0896-6273(93)90304-a', '10.1016/0306-4522(89)90353-9', '10.1016/0006-8993(87)90988-7', '10.1038/scientificamerican1269-98', '10.1016/s0079-6123(08)63818-2', '10.1152/physrev.1992.72.1.165', '10.1016/s0079-6123(08)63837-6', '10.1016/0006-8993(91)90140-q', '10.1152/jn.1992.67.1.145', '10.1002/cne.902140206', '10.1016/0006-8993(89)90210-2', '10.1016/0014-4886(76)90089-3', '10.1016/s0079-6123(08)63051-4', '10.1016/0165-0173(87)90011-7']",0.668065
10.1016/0361-9230(89)90223-2,"['10.1016/0165-0173(83)90038-3', '10.3758/bf03332973', '10.1016/s0022-3565(25)32116-6', '10.1007/bf00432132', '10.1016/0091-3057(83)90290-3', '10.1037/h0081662', '10.1016/0091-3057(86)90392-8', '10.1016/0091-3057(86)90117-6', '10.1016/0091-3057(81)90196-9', '10.1016/0091-3057(86)90150-4', '10.1016/0091-3057(86)90389-8', '10.1016/0091-3057(79)90299-5', '10.1016/0361-9230(89)90224-4', '10.1007/bf00432512', '10.1016/0091-3057(86)90348-5', '10.1016/0091-3057(80)90453-0', '10.1016/0006-8993(86)90598-6', '10.1007/bf00735892', '10.1007/bf00310507', '10.1007/bf00432775']",0.668266
10.1016/0376-8716(95)01118-i,"['10.1111/j.1471-4159.1989.tb09224.x', '10.1016/0304-3940(90)90141-u', '10.1111/j.1471-4159.1992.tb10033.x', '10.1097/00008877-199410000-00001', '10.1007/bf00442800', '10.1016/0014-2999(91)90214-b', '10.1097/00008877-199308000-00009', '10.1016/0006-8993(89)90251-5', '10.1146/annurev.ne.09.030186.002041', '10.1016/0306-4522(88)90217-5', '10.1016/0091-3057(85)90014-0', '10.1126/science.7188649', '10.1016/0091-3057(85)90372-7', '10.1007/bf00429279', '10.1111/j.1476-5381.1972.tb06866.x', '10.1016/0028-3908(75)90129-x', '10.1016/0031-9384(86)90409-9', '10.1016/0091-3057(89)90298-0', '10.1038/npp.1993.3', '10.1007/bf02244208']",0.670263
10.1016/0885-2308(87)90026-x,"['10.1207/s15516709cog0901_7', '10.1109/pgec.1967.264666', '10.1016/s0885-2308(86)80008-0', '10.1038/323533a0', '10.1109/tpami.1986.4767769']",0.679214
10.1016/0890-5401(92)90048-k,"['10.1145/322234.322243', '10.1137/0206049', '10.1016/0022-0000(85)90045-5']",0.66226
10.1016/0893-6080(89)90020-8,['10.1090/trans2/017/10'],0.652525
10.1016/1044-5765(92)90012-q,"['10.1016/0091-3057(83)90261-7', '10.1016/0006-8993(81)90177-3', '10.1007/bf00421062', '10.1016/0006-8993(75)90233-4', '10.1016/0014-2999(76)90352-6', '10.1007/bf00426456', '10.1016/0091-3057(85)90574-x', '10.1037/h0058775', '10.1016/0022-3956(71)90033-1', '10.1016/0006-8993(77)91015-0', '10.1037/h0040694', '10.3758/bf03326894', '10.1016/0091-3057(84)90104-7', '10.1016/0006-8993(89)91400-5', '10.1126/science.1114313', '10.1007/bf00428151', '10.1016/0304-3940(87)90451-4', '10.1016/0091-3057(89)90019-1', '10.1097/00008877-199000140-00009', '10.1016/0091-3057(80)90166-5']",0.670047
10.1016/b978-1-55860-377-6.50040-2,"['10.2307/2002797', '10.1090/qam/102435', '10.1214/aoms/1177700285', '10.1007/bf00992701', '10.1016/b978-1-55860-377-6.50040-2', '10.1162/neco.1994.6.6.1185', '10.1007/bf00992699', '10.1147/rd.33.0210', '10.1007/bf00993308', '10.1007/bf00115009', '10.1109/ijcnn.1990.137821', '10.1007/bf00993306', '10.1007/bf00992698', '10.1016/s0019-9958(77)90354-0']",0.636434
10.1016/j.brainresrev.2007.10.007,"['10.1146/annurev.ne.09.030186.002041', '10.1007/pl00005773', '10.1016/j.tins.2006.12.003', '10.1016/j.tins.2006.03.002', '10.1037/1064-1297.1.1-4.101', '10.1016/j.pneurobio.2003.12.001', '10.1016/j.neuron.2005.05.020', '10.1007/s00213-006-0578-x', '10.1186/1741-7007-3-4', '10.1016/s0166-4328(01)00326-6', '10.1002/cne.902830108', '10.1016/0006-8993(85)91418-0', '10.1007/s00221-005-0114-y', '10.1523/jneurosci.20-22-08443.2000', '10.1016/j.tins.2007.03.001', '10.1046/j.0953-816x.2001.01485.x', '10.1016/0166-2236(90)90109-n', '10.1046/j.1460-9568.2003.02415.x', '10.1016/j.neuroscience.2006.01.030', '10.1002/cne.21202']",0.655912
10.1016/j.conb.2006.03.013,"['10.1146/annurev.psych.55.090902.142050', '10.1038/nrn1607', '10.1111/j.1469-7580.2005.00421.x', '10.1146/annurev.psych.53.100901.135114', '10.1016/s0149-7634(01)00034-3', '10.1098/rstb.2001.0941', '10.1098/rstb.2001.0942', '10.1093/brain/124.4.647', '10.1016/s0896-6273(02)00830-9', '10.1073/pnas.93.24.13523', '10.1002/1098-1063(2000)10:4<352::aid-hipo2>3.0.co;2-d', '10.1038/80671', '10.1016/s0028-3932(01)00213-5', '10.1006/jmla.2002.2864', '10.1038/79867', '10.1016/s0166-4328(01)00363-1', '10.1016/j.neuropsychologia.2005.01.001', '10.1523/jneurosci.20-15-05853.2000', '10.1002/hipo.10140', '10.1016/s0028-3932(00)00103-2']",0.662895
10.1016/j.neunet.2008.02.003,"['10.1162/089976698300017746', '10.21236/ada280862', '10.1162/neco.1997.9.2.349', '10.1613/jair.806', '10.1613/jair.807', '10.1162/neco.2007.12-05-077', '10.1109/ijcnn.1992.287219', '10.1016/s0921-8890(97)00043-2', '10.1016/j.conb.2005.10.011', '10.1287/ijoc.14.3.192.113', '10.1145/318371.318612', '10.1145/84537.84552', '10.1163/156855307782148550', '10.1016/0893-6080(90)90056-q', '10.1109/robot.2002.1014739', '10.1007/3-540-44581-1_40', '10.1287/mnsc.45.11.1570', '10.1109/robot.2004.1307456', '10.1109/iros.2005.1545206']",0.658796
10.1016/j.neuron.2004.08.031,"['10.1016/0031-9384(92)90134-n', '10.1111/j.1460-9568.1993.tb00493.x', '10.1152/jn.1995.73.1.20', '10.1126/science.8511592', '10.1523/jneurosci.01-08-00876.1981', '10.1101/lm.46502', '10.1162/089892904322755557', '10.1016/s0301-0082(03)00018-2', '10.1038/382252a0', '10.1007/bf00711551', '10.1523/jneurosci.23-34-10897.2003', '10.1146/annurev.ps.41.020190.003013', '10.2466/pms.1972.34.1.283', '10.1093/sleep/2.2.193', '10.1016/s0169-328x(98)00057-6', '10.1016/s0006-8993(00)03008-0', '10.1093/sleep/23.4.9', '10.1016/s0896-6273(03)00814-6', '10.1152/jn.1997.78.1.335', '10.1038/304111a0']",0.645821
10.1016/j.neuron.2004.10.007,"['10.1093/brain/120.7.1173', '10.1006/nimg.2001.0806', '10.1016/s0896-6273(02)00830-9', '10.1093/cercor/6.2.81', '10.1093/cercor/12.9.893', '10.1037/0096-3445.120.3.235', '10.1038/35036213', '10.1073/pnas.182178199', '10.1006/nimg.2002.1091', '10.1038/81881', '10.1523/jneurosci.22-15-06830.2002', '10.1016/0166-4328(95)00012-i', '10.1016/s0896-6273(03)00095-3', '10.1073/pnas.161274398', '10.1523/jneurosci.17-12-04800.1997', '10.1111/j.1365-2869.1994.tb00123.x', '10.1016/0166-4328(95)00015-l', '10.1523/jneurosci.19-10-04090.1999', '10.1016/s0896-6273(02)01096-6', '10.1038/35084005']",0.649782
10.1016/j.neuron.2009.01.011,"['10.1207/s15516709cog0901_7', '10.1101/lm.73504', '10.1111/j.2517-6161.1995.tb02031.x', '10.1214/aos/1013699998', '10.1093/cercor/6.2.81', '10.1523/jneurosci.16-09-03056.1996', '10.1038/304111a0', '10.1038/35036213', '10.1523/jneurosci.17-05-01880.1997', '10.1038/nn1788', '10.1073/pnas.0700222104', '10.1038/304158a0', '10.1002/hipo.20106', '10.1016/j.neuron.2006.10.023', '10.1038/nn1825', '10.1371/journal.pbio.0030402', '10.1126/science.1585183', '10.1037/0735-7044.109.2.195', '10.1002/1098-1063(2000)10:4<438::aid-hipo10>3.0.co;2-3', '10.1016/j.neuron.2008.01.036']",0.658492
10.1016/j.neuron.2009.07.027,"['10.1023/a:1008861001091', '10.1101/lm.73504', '10.1523/jneurosci.18-18-07411.1998', '10.1016/j.tics.2006.11.004', '10.1016/0306-4522(89)90423-5', '10.1016/0165-0173(83)90037-1', '10.1126/science.1589772', '10.1155/2008/381243', '10.1523/jneurosci.16-09-03056.1996', '10.1093/brain/awm146', '10.1111/j.1460-9568.2007.05684.x', '10.1038/nn1961', '10.1523/jneurosci.2862-08.2008', '10.1038/nature04587', '10.1002/hipo.20345', '10.1126/science.1164685', '10.1016/j.neuron.2006.10.023', '10.1038/nn1825', '10.1523/jneurosci.3761-07.2007', '10.1002/hipo.20022']",0.657445
10.1016/j.robot.2004.05.005,"['10.1007/978-1-4757-3437-9_17', '10.1109/afgr.2002.1004124', '10.1023/a:1008078328650', '10.1109/iros.2000.895274', '10.1007/978-3-540-45135-8_14', '10.1007/3-540-45327-x_13']",0.655913
10.1016/j.tcs.2007.05.016,"['10.1111/j.2517-6161.1979.tb01066.x', '10.1109/18.54897', '10.1145/321892.321894', '10.1109/tit.2005.844059', '10.2307/2981683', '10.1016/0304-3975(83)90139-1', '10.1006/jcss.2000.1743', '10.1109/tit.2003.814488', '10.1109/18.651051', '10.1080/01621459.1996.10477003', '10.1109/tit.1976.1055501', '10.1109/18.720534', '10.1214/aos/1176346150', '10.1142/s0129054102001291', '10.1023/b:mach.0000015880.99707.b2', '10.1016/s0019-9958(64)90223-2', '10.1109/tit.1978.1055913']",0.65845
10.1016/j.tics.2007.02.005,"['10.3758/bf03195869', '10.1080/096582199387805', '10.1162/0898929042568578', '10.1016/j.neuropsychologia.2006.05.023', '10.1098/rstb.2001.0944', '10.1098/rstb.2005.1631', '10.1016/j.neuroimage.2005.09.025', '10.1037/0033-295x.107.2.261', '10.1016/j.neulet.2006.07.075', '10.1016/j.neuropsychologia.2004.02.014', '10.3758/cabn.3.3.234', '10.1162/08989290051137468', '10.1073/pnas.081082698', '10.1093/brain/awl093', '10.1093/brain/124.6.1156', '10.1073/pnas.071043098', '10.1162/08989290260138672', '10.1111/j.1745-6916.2006.00017.x', '10.1016/j.brainres.2006.01.061', '10.1523/jneurosci.16-13-04275.1996']",0.659734
10.1016/j.tics.2007.09.001,"['10.1038/nature04286', '10.1177/1073858406292647', '10.1016/j.neuron.2004.08.031', '10.1126/science.1062856', '10.1037/0033-295x.102.3.419', '10.1017/s0140525x05000026', '10.1101/lm.80504', '10.1053/smrv.2001.0164', '10.1016/j.cub.2006.05.024', '10.1038/nn1959', '10.1073/pnas.182178199', '10.1038/nature01930', '10.1038/81881', '10.1038/81756', '10.1101/lm.132106', '10.1162/jocn.1997.9.4.534', '10.1016/j.biopsych.2006.03.061', '10.1073/pnas.0510198103', '10.1016/j.cub.2004.01.027', '10.1016/j.bbr.2003.08.013']",0.661149
10.1016/j.tins.2010.01.006,"['10.1136/jnnp.20.1.11', '10.1016/j.conb.2006.03.013', '10.1038/297681a0', '10.1038/13202', '10.1037/0033-295x.99.2.195', '10.1038/nrn1607', '10.1016/0028-3932(83)90005-2', '10.1111/j.1469-7580.2005.00421.x', '10.1016/j.tics.2007.02.005', '10.1126/science.1063530', '10.1016/j.tics.2007.09.001', '10.1038/nature05278', '10.1126/science.1062856', '10.1016/s0896-6273(00)80987-3', '10.1016/0006-8993(86)91483-6', '10.1523/jneurosci.19-16-j0001.1999', '10.1016/0306-4522(89)90423-5', '10.1037/0033-295x.102.3.419', '10.1016/0006-8993(71)90358-1', '10.1016/0166-2236(87)90011-7']",0.654872
10.1016/s0004-3702(98)00023-x,"['10.1016/0022-247x(65)90154-x', '10.1016/0890-5401(92)90048-k', '10.1016/0004-3702(94)00086-g', '10.1287/opre.32.5.1107', '10.1007/bf02283610', '10.1109/tssc.1966.300074', '10.1016/0004-3702(94)00087-h', '10.1007/bf02055574', '10.1287/mnsc.28.1.1', '10.1613/jair.277', '10.1287/opre.21.5.1071', '10.1287/opre.26.2.282', '10.1016/0167-6377(90)90022-w', '10.1007/bf00934845', '10.1007/bf02204836', '10.1287/opre.37.5.791', '10.1016/0304-3975(95)00188-3']",0.656521
10.1016/s0010-0277(98)00016-x,"['10.1037/0033-295x.98.3.409', '10.3758/bf03196968', '10.1364/josaa.10.000759', '10.1037/0033-295x.94.2.115', '10.1037/0096-1523.18.1.121', '10.1037/0096-1523.21.6.1506', '10.1037/0278-7393.13.4.640', '10.1113/jphysiol.1969.sp008862', '10.3758/bf03197620', '10.1037/0033-295x.83.1.1', '10.1007/978-94-009-4420-6_17', '10.2307/1292061', '10.1073/pnas.89.1.60', '10.1109/tcom.1983.1095851', '10.1113/jphysiol.1968.sp008574', '10.1109/tpami.1986.4767851', '10.1098/rstb.1992.0012', '10.1148/radiology.138.2.7455116', '10.1037/0033-2909.111.2.291', '10.1073/pnas.93.21.12046']",0.66381
10.1016/s0042-6989(00)00083-3,"['10.1016/0010-0285(88)90024-2', '10.1093/cercor/8.6.510', '10.1016/0893-6080(95)00053-4', '10.1016/s0734-189x(87)80014-2', '10.1097/00001756-199801260-00023', '10.3758/bf03206880', '10.1152/jn.1994.71.3.856', '10.1016/s0960-9822(95)00108-4', '10.1016/s0079-6123(08)60379-9', '10.1242/jeb.146.1.21', '10.1017/s095252380000804x', '10.1006/cogp.1999.0728', '10.1152/jn.1992.68.1.70', '10.1068/p210147', '10.1007/bf00239352', '10.1080/14640748908402394', '10.1016/s0042-6989(97)00462-8', '10.1037/0096-3445.111.4.369', '10.1111/j.1467-9280.1994.tb00500.x', '10.3758/bf03206016']",0.66494
10.1016/s0160-2896(97)90011-8,"['10.1037/0003-066x.51.2.77', '10.1037/h0038215', '10.1037/0003-066x.42.2.137']",0.659972
10.1016/s0160-2896(97)90014-3,"['10.1037/0033-2909.102.1.3', '10.1016/0001-8791(86)90017-5', '10.1111/j.1744-6570.1991.tb00688.x', '10.1037/0021-9010.78.3.443', '10.1037/0021-9010.80.1.168', '10.1037/0021-9010.76.6.863', '10.5465/amr.1988.4306775', '10.1016/s0160-2896(97)90012-x', '10.1037/0003-066x.50.11.928', '10.1037/0096-3445.115.3.255', '10.1016/s0160-2896(97)90017-9', '10.1037/0021-9010.65.6.697', '10.1016/0001-8791(86)90008-4', '10.1016/0001-8791(84)90018-6', '10.1037/0021-9010.68.4.602', '10.1016/0001-8791(86)90013-8', '10.1037/0033-2909.96.1.72', '10.1037/0021-9010.75.1.28']",0.658082
10.1016/s0896-6273(00)80629-7,"['10.1038/361031a0', '10.1093/cercor/6.2.81', '10.1126/science.1589772', '10.1523/jneurosci.16-09-03056.1996', '10.1126/science.274.5288.771', '10.1002/cne.903130404', '10.1016/0304-3940(90)90069-l', '10.1523/jneurosci.17-17-06783.1997', '10.1016/0306-4522(92)90516-5', '10.1146/annurev.neuro.20.1.185', '10.1152/ajplegacy.1941.135.2.281', '10.1523/jneurosci.09-08-02907.1989', '10.1098/rstb.1997.0139', '10.1152/jn.1961.24.1.26', '10.1152/jn.1961.24.1.50', '10.1152/jn.1985.54.6.1473', '10.1152/jn.1987.57.1.260', '10.1126/science.8235588', '10.1523/jneurosci.13-08-03252.1993', '10.1523/jneurosci.13-08-03266.1993']",0.641207
10.1016/s0896-6273(00)80987-3,"['10.1016/s0092-8674(00)81904-2', '10.1126/science.279.5349.338', '10.1101/sqb.1983.048.01.086', '10.1101/lm.4.3.291', '10.1016/0092-8674(94)90386-7', '10.1085/jgp.64.1.70', '10.1073/pnas.91.15.7041', '10.1126/science.7682336', '10.1126/science.6828885', '10.1073/pnas.85.7.2373', '10.1126/science.1585177', '10.1126/science.275.5302.969', '10.1523/jneurosci.18-01-00458.1998', '10.1016/0896-6273(95)90166-3', '10.1016/0092-8674(95)90213-9', '10.1073/pnas.58.3.1112', '10.1113/jphysiol.1973.sp010273', '10.1038/361031a0', '10.1016/s0896-6273(00)80377-3', '10.1016/0092-8674(94)90400-6']",0.663184
10.1016/s0896-6273(01)00424-x,"['10.1073/pnas.90.12.5718', '10.1016/0028-3932(90)90128-b', '10.1016/s0028-3932(97)00003-1', '10.1088/0954-898x_3_2_009', '10.1162/neco.1992.4.2.196', '10.1126/science.7134968', '10.1016/0042-6989(87)90011-3', '10.1113/jphysiol.1987.sp016474', '10.1016/s0042-6989(97)00121-1', '10.1523/jneurosci.17-06-02112.1997', '10.1038/30875', '10.3758/bf03205010', '10.1523/jneurosci.13-05-01916.1993', '10.1038/332446a0', '10.1152/jn.1991.65.2.178', '10.1523/jneurosci.10-04-01134.1990', '10.1016/0006-8993(92)90436-d', '10.1016/0166-4328(95)00032-1', '10.1152/jn.1991.65.4.841', '10.1016/0042-6989(92)90021-a']",0.655629
10.1016/s0896-6273(02)01096-6,"['10.1152/jn.1988.60.3.909', '10.1152/jn.1993.70.4.1629', '10.1152/jn.1989.61.5.900', '10.1023/a:1008861001091', '10.1523/jneurosci.18-24-10464.1998', '10.1162/neco.1996.8.1.85', '10.1016/0306-4522(89)90423-5', '10.1016/0165-0173(83)90037-1', '10.1126/science.290.5492.812', '10.1038/nn834', '10.1016/s0896-6273(01)00279-3', '10.1523/jneurosci.07-03-00774.1987', '10.1037/0735-7044.116.2.286', '10.1523/jneurosci.19-10-04090.1999', '10.1016/0306-4522(83)90010-6', '10.1016/s0896-6273(01)00186-6', '10.1126/science.275.5297.213', '10.1073/pnas.94.16.8918', '10.1016/s0896-6273(00)81072-7', '10.1038/nature00807']",0.651891
10.1016/s0960-9822(06)00291-0,"['10.1016/s0960-9822(95)00096-0', '10.1037/0096-3445.115.2.107', '10.1016/s0042-6989(96)00286-6', '10.1068/p190773', '10.1523/jneurosci.14-11-06336.1994', '10.1016/s0926-6410(96)00041-9', '10.1523/jneurosci.17-11-04302.1997', '10.1152/jn.1995.74.3.1192', '10.1093/brain/115.1.15', '10.1098/rstb.1992.0007', '10.1212/wnl.32.4.331', '10.1016/0042-6989(94)00273-o', '10.1080/14640749308401064', '10.1016/0010-0285(76)90013-x', '10.1016/0010-0285(84)90009-4', '10.1152/jn.1991.66.1.170', '10.1016/0166-2236(85)90051-7', '10.1016/0166-2236(90)90184-c', '10.1146/annurev.ne.13.030190.000513', '10.1002/hbm.460030207']",0.66348
10.1016/s0960-9822(95)00108-4,"['10.1016/0010-0277(89)90036-x', '10.1037/0033-295x.94.2.115', '10.1016/0010-0285(87)90013-2', '10.1111/j.1467-9280.1990.tb00209.x', '10.1073/pnas.89.1.60', '10.1016/0042-6989(92)90102-o', '10.1038/343263a0', '10.1109/34.254061', '10.1016/s0960-9822(00)00089-0', '10.1126/science.247.4945.978', '10.1152/jn.1972.35.1.96', '10.1152/jn.1981.46.2.369', '10.1523/jneurosci.04-08-02051.1984', '10.1007/bf00279674', '10.1152/jn.1987.57.1.132', '10.1038/335817a0', '10.1152/jn.1991.66.1.170', '10.1038/360343a0', '10.1152/jn.1993.70.3.1115', '10.1098/rspb.1985.0003']",0.675861
10.1017/s0140525x00010372,"['10.1007/bf00401545', '10.1007/978-1-4684-2394-5_7', '10.1037/h0040694', '10.1016/0165-0173(79)90017-1', '10.1016/0166-2236(79)90022-5', '10.1016/s0031-6997(25)06839-5', '10.1037/h0041029', '10.1016/s0091-3057(80)80033-5', '10.1037/h0036330', '10.1007/bf00403631', '10.1007/bf00492365', '10.1016/0006-8993(73)90045-0', '10.1016/0091-3057(80)90166-5', '10.1126/science.173.4002.1103', '10.1017/s0140525x00009869', '10.1001/archpsyc.1971.01750080089015', '10.1901/jeab.1980.34-219', '10.1016/0006-8993(77)90047-6', '10.1126/science.7244622', '10.1016/0091-3057(81)90225-2']",0.653215
10.1023/a:1008367325700,"['10.1109/18.720554', '10.1016/s0019-9958(75)90261-2', '10.1007/978-94-010-3578-1', '10.1007/bf02084159', '10.1007/978-3-642-67075-6', '10.1016/s0019-9958(67)91165-5', '10.2307/2183532', '10.1145/141420.141422', '10.1007/978-1-4757-2606-0', '10.1126/science.283.5398.77', '10.1037/0003-066x.51.2.77', '10.1109/18.481776', '10.1016/s0022-0000(73)80030-3']",0.658417
10.1023/a:1022633531479,"['10.1016/b978-0-934613-41-5.50014-3', '10.1109/tsmc.1983.6313077', '10.1007/bf00317987', '10.3758/bf03205056', '10.1016/0166-4328(86)90092-6', '10.21236/ada164453', '10.1147/rd.33.0210', '10.1037/0033-295x.88.2.135', '10.21236/ad0241531', '10.1016/s0019-9958(77)90354-0']",0.656788
10.1038/13202,"['10.1037/0033-295x.99.2.195', '10.1162/jocn.1994.6.4.305', '10.1126/science.277.5324.376', '10.1017/cbo9780511526817', '10.1006/nlme.1998.3865', '10.1038/361031a0', '10.1098/rstb.1997.0136', '10.1016/0028-3908(95)00099-r', '10.1016/s0028-3908(98)00139-7', '10.1126/science.2899909', '10.1016/0163-1047(93)90664-4', '10.1111/j.1471-4159.1977.tb10649.x', '10.1016/0006-8993(94)91809-0', '10.1101/lm.1.3.203', '10.1016/s0092-8674(00)80897-1', '10.1146/annurev.pa.13.040173.001305', '10.1073/pnas.93.9.4016', '10.1038/31371', '10.1037/0033-295x.102.3.419', '10.1016/s0896-6273(00)80607-8']",0.664269
10.1038/22268,"['10.1152/jn.1967.30.1.35', '10.1038/355542a0', '10.1038/366467a0', '10.1038/37975', '10.1523/jneurosci.18-17-07015.1998', '10.1016/s0166-4115(08)61370-9', '10.1016/0010-0277(94)90026-4', '10.1901/jeab.1961.4-267', '10.1037/0033-2909.83.6.1131', '10.1037/0033-295x.85.5.436', '10.1086/409852', '10.1017/cbo9780511809477', '10.1016/b978-0-12-662650-6.50011-8', '10.1146/annurev.es.02.110171.002101', '10.1038/275027a0', '10.1101/sqb.1990.055.01.068', '10.1038/35135', '10.1073/pnas.93.2.628', '10.1007/bf00271862', '10.1038/386167a0']",0.656233
10.1038/297681a0,"['10.1016/0006-8993(71)90358-1', '10.1016/0014-4886(76)90055-8', '10.1016/0014-4886(78)90096-1', '10.1016/0006-8993(78)90930-7', '10.1126/science.663646', '10.1037/h0077579', '10.1016/0023-9690(81)90020-5', '10.1037/h0077638', '10.1016/0031-9384(80)90109-2', '10.1007/bf00236646', '10.1126/science.168.3927.147', '10.1037/h0037649', '10.1038/273297a0', '10.1017/s0140525x00062713', '10.1016/0028-3932(79)90042-3']",0.6613
10.1038/346174a0,"['10.1016/0006-8993(71)90494-x', '10.1113/jphysiol.1974.sp010452', '10.1152/jn.1981.45.3.397', '10.1152/jn.1983.49.5.1127', '10.1152/jn.1984.52.6.1106', '10.1523/jneurosci.08-06-02201.1988', '10.1038/341052a0', '10.1152/jn.1984.51.1.16', '10.1152/jn.1968.31.5.659', '10.1113/jphysiol.1975.sp011034', '10.1523/jneurosci.08-05-01712.1988', '10.1523/jneurosci.09-07-02432.1989', '10.1152/jn.1986.55.6.1308', '10.1152/jn.1989.62.1.31', '10.1152/jn.1988.60.2.604', '10.1523/jneurosci.05-03-00825.1985']",0.662698
10.1038/35083586,"['10.1146/annurev.neuro.21.1.149', '10.1146/annurev.neuro.23.1.393', '10.1146/annurev.ne.10.030187.000435', '10.1016/0306-4522(96)00132-7', '10.1016/0306-4522(91)90003-7', '10.1038/1124', '10.1146/annurev.neuro.23.1.473', '10.1523/jneurosci.16-05-01936.1996', '10.1046/j.1471-4159.1997.68020691.x', '10.1037/0735-7044.110.5.905', '10.1523/jneurosci.20-22-j0003.2000', '10.1523/jneurosci.18-04-01270.1998', '10.1126/science.290.5491.533', '10.1126/science.279.5357.1714', '10.1016/0166-2236(82)90219-3', '10.1016/s0896-6273(00)80821-1', '10.1126/science.252.5009.1177', '10.1038/383621a0', '10.1016/0165-0173(87)90011-7', '10.1016/0006-8993(86)91290-4']",0.656771
10.1038/377725a0,"['10.1038/366059a0', '10.1523/jneurosci.15-03-01617.1995', '10.3758/bf03200017', '10.3758/bf03200062', '10.3758/bf03197899', '10.1007/bf00172219', '10.1007/978-1-4615-2814-2_4', '10.1126/science.1887231', '10.2307/1936663', '10.2307/1938384', '10.2307/1938299', '10.1038/275027a0', '10.1101/lm.1.1.1', '10.1147/rd.33.0210', '10.1037/0033-295x.88.2.135', '10.1073/pnas.72.2.710', '10.1007/bf00218409', '10.1007/bf00217108', '10.1523/jneurosci.15-01-00342.1995', '10.1523/jneurosci.13-03-00900.1993']",0.669691
10.1038/415318a,"['10.1016/0010-0285(91)90016-h', '10.1037/h0043805', '10.1037/0096-3445.111.4.369', '10.1007/s004220050407', '10.1046/j.1460-9568.1999.00530.x', '10.1046/j.1460-9568.1999.00531.x', '10.1016/s0042-6989(00)00083-3', '10.1126/science.291.5502.312', '10.1016/s0960-9822(95)00108-4', '10.1152/jn.1972.35.1.96', '10.1146/annurev.ne.19.030196.000545', '10.1016/s0960-9822(06)00291-0', '10.1038/72140', '10.1037/0096-3445.115.1.39', '10.1152/jn.1971.34.5.920', '10.1073/pnas.94.7.3408', '10.1523/jneurosci.21-04-01340.2001', '10.1016/s0010-0277(98)00016-x', '10.1016/0042-6989(80)90128-5']",0.656071
10.1038/72140,"['10.1111/1467-9280.00145', '10.1152/jn.1994.71.2.821', '10.1038/9224', '10.1523/jneurosci.14-11-06336.1994', '10.1523/jneurosci.17-11-04302.1997', '10.1162/jocn.1997.9.5.605', '10.1152/jn.1995.74.3.1192', '10.1093/brain/115.1.15', '10.1097/00001756-199901180-00035', '10.1093/cercor/2.5.375', '10.1080/14640749308401064', '10.1162/jocn.1997.9.5.555', '10.1073/pnas.96.16.9379', '10.1146/annurev.ne.19.030196.000545', '10.1212/wnl.32.4.331', '10.1162/089892998562799', '10.1080/02643298708252038', '10.1162/089892999563472', '10.1037/h0027474', '10.1080/14640749308401045']",0.664494
10.1038/nature05278,"['10.1038/nature04286', '10.1016/s0006-8993(00)03007-9', '10.1016/s0896-6273(03)00065-5', '10.1038/nature02663', '10.1126/science.1099745', '10.1038/300448a0', '10.1016/s0166-2236(00)01547-2', '10.1523/jneurosci.2725-04.2004', '10.2741/1043', '10.1046/j.1365-2869.7.s1.3.x', '10.1073/pnas.0402820101', '10.1152/jn.00014.2006', '10.1523/jneurosci.5594-05.2006', '10.1523/jneurosci.22-24-10941.2002', '10.1162/jocn.1997.9.4.534', '10.1016/j.neuron.2004.08.031', '10.1038/nature01930', '10.1101/lm.80504', '10.1016/j.neuron.2004.10.007', '10.1016/j.neuron.2004.09.015']",0.650675
10.1038/nature14236,"['10.5962/bhl.title.55072', '10.1126/science.275.5306.1593', '10.1007/bf00344251', '10.1145/203330.203343', '10.1007/s10514-009-9120-4', '10.1561/2200000006', '10.1126/science.1127647', '10.1613/jair.3912', '10.1007/s11023-007-9079-x', '10.1109/5.726791', '10.1113/jphysiol.1963.sp007079', '10.1109/9.580874', '10.1037/0033-295x.102.3.419', '10.1016/j.tins.2010.01.006', '10.1038/nn.2304', '10.1038/415318a', '10.1038/nn.3203', '10.1016/s0004-3702(98)00023-x']",1.0
10.1038/nn.2304,"['10.1146/annurev.ps.14.020163.000333', '10.1016/s0896-6273(01)00424-x', '10.1523/jneurosci.3002-07.2007', '10.1038/nn2070', '10.1146/annurev.psych.56.091103.070229', '10.1146/annurev.neuro.28.061604.135722', '10.1007/s00213-006-0578-x', '10.1016/j.brainresrev.2007.10.007', '10.1038/35083586', '10.1016/j.tics.2005.05.010', '10.1523/jneurosci.22-21-09475.2002', '10.1038/nn1683', '10.1038/22268', '10.1146/annurev.neuro.25.112701.142922', '10.1146/annurev.neuro.22.1.319', '10.1146/annurev.neuro.29.051605.113038', '10.1038/346174a0', '10.1523/jneurosci.12-12-04745.1992', '10.1523/jneurosci.16-04-01486.1996', '10.3758/cabn.8.4.429']",0.653107
10.1038/nn.2384,"['10.1016/j.conb.2007.02.006', '10.1126/science.1098180', '10.1016/0306-4522(89)90423-5', '10.1038/nature05278', '10.1523/jneurosci.19-10-04090.1999', '10.1126/science.8036517', '10.1523/jneurosci.16-09-03056.1996', '10.1101/lm.73504', '10.1016/s0896-6273(00)80629-7', '10.1073/pnas.0437938100', '10.1016/0166-4328(95)00034-8', '10.1038/nn1369', '10.1101/lm.726008', '10.1038/nn.2337']",0.657373
10.1038/nn.2599,"['10.1037/0033-295x.99.2.195', '10.1111/j.1460-9568.2006.04888.x', '10.1038/13202', '10.1098/rstb.1971.0078', '10.1016/0306-4522(89)90423-5', '10.1037/0033-295x.102.3.419', '10.1037/h0044212', '10.1126/science.153.3742.1351', '10.1016/0006-8993(71)90358-1', '10.1038/nature01964', '10.1126/science.8351520', '10.1523/jneurosci.15-11-07079.1995', '10.1523/jneurosci.2864-06.2007', '10.1523/jneurosci.21-05-01635.2001', '10.1038/nrn1385', '10.1126/science.1062856', '10.1016/j.tics.2007.09.001', '10.1126/science.1138581', '10.1016/0006-8993(86)91483-6', '10.1016/s0896-6273(00)00135-5']",0.6581
10.1038/nn.2744,"['10.1038/nrn2590', '10.1016/s0166-2236(02)00042-5', '10.1101/lm.7.2.73', '10.1038/35021052', '10.1126/science.160.3827.554', '10.1016/s0896-6273(03)00674-3', '10.1038/nn1871', '10.1038/nn1667', '10.1038/nature01930', '10.1038/nature08637', '10.1038/nn.2498', '10.1101/lm.365707', '10.1101/lm.486107', '10.1371/journal.pone.0007519', '10.1126/science.8036517', '10.1038/nn1825', '10.1126/science.1148979', '10.1016/j.neuron.2004.10.007', '10.1038/nrn2762', '10.1126/science.1138581']",0.659396
10.1038/nn.3203,"['10.1038/nn.2599', '10.1037/0033-295x.99.2.195', '10.1016/j.tics.2007.09.001', '10.1016/s0896-6273(00)80629-7', '10.1073/pnas.0437938100', '10.1016/j.neuron.2004.08.031', '10.1016/j.neuron.2009.01.011', '10.1126/science.8036517', '10.1016/s0896-6273(02)01096-6', '10.1038/nn1825', '10.1016/j.neuron.2004.10.007', '10.1038/nn.2384', '10.1002/hipo.20707', '10.1126/science.1138581', '10.1126/science.1179013', '10.1038/nn.2744', '10.1016/j.neuron.2009.07.027', '10.1016/0006-8993(71)90358-1', '10.1146/annurev.neuro.31.061307.090723', '10.1152/jn.00404.2011']",0.65369
10.1038/nn1683,"['10.1038/nn1587', '10.1146/annurev.neuro.22.1.241', '10.1146/annurev.neuro.26.010302.081134', '10.1038/nrn1058', '10.1093/cercor/4.3.247', '10.1523/jneurosci.12-12-04745.1992', '10.1523/jneurosci.12-06-02331.1992', '10.1523/jneurosci.08-06-02201.1988', '10.1523/jneurosci.23-02-00632.2003', '10.1523/jneurosci.22-21-09475.2002', '10.1152/jn.2001.86.4.1916', '10.1146/annurev.neuro.22.1.319', '10.1146/annurev.neuro.25.112701.142922', '10.1146/annurev.neuro.26.041002.131052', '10.1017/s0952523800010269', '10.1038/nn1094', '10.1111/1467-9280.00067', '10.1093/cercor/bhg097', '10.1093/ietfec/e88-a.10.2496', '10.1037/0033-295x.111.2.333']",0.655754
10.1038/nn1825,"['10.1037/0033-295x.99.2.195', '10.1038/nn834', '10.1146/annurev.neuro.27.070203.144130', '10.1016/s0959-4388(99)80025-7', '10.1073/pnas.91.15.7041', '10.1038/nn1202', '10.1016/s0896-6273(00)80629-7', '10.1073/pnas.0437938100', '10.1101/lm.73504', '10.1152/jn.00014.2006', '10.1523/jneurosci.5594-05.2006', '10.1126/science.8036517', '10.1126/science.271.5257.1870', '10.1523/jneurosci.19-10-04090.1999', '10.1126/science.1073538', '10.1098/rstb.1997.0139', '10.1371/journal.pbio.0020024', '10.1016/s0896-6273(00)80773-4', '10.1016/j.tins.2004.12.001', '10.1523/jneurosci.19-21-09497.1999']",0.680066
10.1038/nn2070,"['10.1146/annurev.psych.49.1.585', '10.1073/pnas.88.11.4966', '10.1163/156856896x00051', '10.1016/s0042-6989(99)00059-0', '10.1523/jneurosci.13-01-00087.1993', '10.1152/jn.1992.67.5.1031', '10.1038/35087601', '10.1038/87470', '10.1152/jn.00690.2001', '10.1523/jneurosci.4442-03.2004', '10.1523/jneurosci.0457-06.2006', '10.1073/pnas.90.12.5718', '10.1016/0042-6989(94)00141-8', '10.1038/nn1255', '10.1152/jn.1983.49.5.1127', '10.1523/jneurosci.12-12-04745.1992', '10.1017/s095252380000715x', '10.1523/jneurosci.08-06-02201.1988', '10.1038/346174a0', '10.1146/annurev.neuro.22.1.319']",0.658427
10.1038/nrn1607,"['10.1101/lm.6.2.77', '10.1146/annurev.psych.55.090902.142050', '10.1001/archneurpsyc.1958.02340050003001', '10.1016/0278-2626(88)90030-9', '10.1017/s0033291700025897', '10.1523/jneurosci.16-16-05233.1996', '10.1126/science.1109228', '10.1016/0959-4388(95)80023-9', '10.1037/0033-295x.102.3.419', '10.1038/nrn726', '10.3171/jns.1954.11.1.0064', '10.1037/0735-7044.107.6.899', '10.1146/annurev.neuro.27.070203.144130', '10.1037/h0037649', '10.1016/s0091-6773(74)92231-7', '10.1037/0033-295x.99.2.195', '10.1002/hipo.20005', '10.1002/hipo.20057', '10.1111/j.1749-6632.1985.tb37637.x', '10.1016/s0959-4388(97)80010-4']",0.663996
10.1046/j.1460-9568.1999.00530.x,"['10.1037/0097-7403.14.1.43', '10.1097/00001756-199801260-00023', '10.1037/0097-7403.2.4.285', '10.1126/science.146.3643.549', '10.1037/0033-2909.112.3.500', '10.1037/0097-7403.14.3.247', '10.1016/0010-0285(76)90013-x', '10.1037/0096-3445.111.4.369', '10.1037/0097-7403.10.4.564', '10.1037/0097-7403.13.2.136', '10.1046/j.1460-9568.1999.00531.x', '10.1523/jneurosci.10-11-03543.1990', '10.1007/bf02382403']",0.663842
10.1046/j.1460-9568.1999.00531.x,"['10.1523/jneurosci.11-01-00168.1991', '10.1523/jneurosci.17-20-07902.1997', '10.1038/380499a0', '10.1523/jneurosci.04-08-02051.1984', '10.1037/0033-2909.112.3.500', '10.1523/jneurosci.12-02-00408.1992', '10.1093/cercor/5.3.270', '10.1146/annurev.ne.19.030196.003045', '10.1016/0166-4328(94)90057-4', '10.1038/331068a0', '10.1016/0166-4328(95)00227-8', '10.1152/jn.1994.71.3.1206', '10.1037/0097-7403.14.3.247', '10.1152/jn.1995.73.2.713', '10.1088/0954-898x_1_4_002', '10.1016/0010-0285(76)90013-x', '10.1523/jneurosci.16-15-04757.1996', '10.1016/0006-8993(78)90584-x', '10.1002/cne.902900402', '10.1002/cne.903430308']",0.650486
10.1073/pnas.0437938100,"['10.1038/35094565', '10.1126/science.1070502', '10.1098/rstb.1971.0078', '10.1016/0306-4522(89)90423-5', '10.1093/cercor/6.2.81', '10.1126/science.8036517', '10.1037/0033-295x.99.2.195', '10.1037/0033-295x.102.3.419', '10.1126/science.1062856', '10.1523/jneurosci.09-08-02907.1989', '10.1073/pnas.161274398', '10.1126/science.1071111', '10.1152/jn.2001.86.1.1', '10.1146/annurev.neuro.20.1.185', '10.1016/0013-4694(69)90092-3', '10.1016/0301-0082(86)90019-5', '10.1016/s0896-6273(02)00586-x', '10.1126/science.1589772', '10.1523/jneurosci.15-01-00030.1995', '10.1523/jneurosci.16-09-03056.1996']",0.641378
10.1073/pnas.94.7.3408,"['10.1146/annurev.ne.18.030195.001205', '10.1146/annurev.ne.19.030196.003045', '10.1038/380621a0', '10.1037/0033-295x.96.1.145', '10.1038/379549a0', '10.1126/science.2772635', '10.1152/jn.1971.34.5.920', '10.1016/0042-6989(82)90010-4', '10.1016/0042-6989(84)90044-0', '10.1152/jn.1987.57.1.132', '10.1152/jn.1990.64.2.351', '10.1007/978-1-4757-1904-8', '10.1177/0883073891006001s11', '10.1126/science.270.5237.764']",0.663273
10.1080/088395198117848,"['10.1109/iros.1996.569012', '10.1007/3-540-64473-3_49', '10.1093/mind/lix.236.433', '10.1109/iros.1996.568989', '10.1023/a:1022699900025']",0.662612
10.1080/09528138908953691,"['10.1017/s0140525x0000577x', '10.1017/s0140525x00001515', '10.1017/s0140525x00059859', '10.1017/s0140525x00058611', '10.1017/s0140525x00001771', '10.1017/s0140525x0001921x', '10.1093/brain/88.2.237', '10.1152/jn.1965.28.2.229', '10.1111/j.1749-6632.1976.tb25468.x', '10.1017/s0140525x00013959', '10.1017/s0031819100057983']",0.658279
10.1098/rspb.1977.0085,"['10.1007/bf00234062', '10.1113/jphysiol.1964.sp007463', '10.1113/jphysiol.1962.sp006991', '10.1007/bf00234129', '10.1093/brain/49.1.1', '10.1016/0006-8993(75)90749-0', '10.1016/0006-8993(72)90344-7', '10.1016/0006-8993(74)90607-6', '10.1002/cne.901600302', '10.1016/0006-8993(67)90166-7', '10.1016/0006-8993(73)90782-8', '10.1002/cne.901630106', '10.1113/jphysiol.1977.sp011863', '10.1002/ar.1091580313', '10.1016/0014-4886(73)90040-x', '10.1002/cne.901280104', '10.1002/cne.901440106', '10.1007/bf00335403', '10.1002/cne.901390403', '10.1152/jn.1972.35.4.518']",0.643193
10.1101/lm.1.1.1,"['10.1016/0166-2236(93)90081-v', '10.1038/347069a0', '10.1038/320172a0', '10.1523/jneurosci.10-03-00909.1990', '10.1038/346724a0', '10.1016/0022-510x(73)90175-5', '10.1073/pnas.90.17.8277', '10.1523/jneurosci.02-01-00032.1982', '10.1038/361031a0', '10.1113/jphysiol.1973.sp010273', '10.1016/0014-2999(91)90505-k', '10.1038/315409a0', '10.1073/pnas.86.20.8113', '10.1016/0896-6273(92)90104-l', '10.1016/s0166-4328(05)80288-8', '10.7551/mitpress/2010.001.0001', '10.1038/332444a0', '10.1073/pnas.84.12.4342', '10.1038/337129a0', '10.1001/archneur.1985.04060030081013']",0.662855
10.1103/physreva.45.6056,"['10.1162/neco.1989.1.4.541', '10.1016/0022-2836(88)90564-5', '10.1038/331679a0', '10.1038/340468a0', '10.1109/5.58326', '10.1145/1968.1972', '10.1145/76359.76371', '10.1162/neco.1989.1.1.151', '10.1016/0885-064x(88)90019-2', '10.1137/1116025', '10.1162/neco.1989.1.3.312', '10.1109/34.3915', '10.1209/0295-5075/4/10/020', '10.1109/5.58339', '10.1051/jphys:01989005002012100', '10.1209/0295-5075/11/7/018', '10.1088/0305-4470/22/12/004', '10.1103/physrevlett.64.2957', '10.1162/neco.1990.2.3.374', '10.1126/science.3175664']",0.629023
10.1109/21.97471,"['10.1098/rspb.1978.0020', '10.1145/356924.356930', '10.1098/rspb.1977.0085', '10.1016/0004-3702(81)90025-4', '10.1145/356869.356871', '10.1115/1.3426923', '10.1115/1.3426922', '10.1073/pnas.79.8.2554', '10.1109/2.29', '10.3138/9781487576752', '10.1016/0025-5564(71)90051-4', '10.1016/0004-3702(87)90050-6', '10.1145/356810.356816', '10.1016/b978-1-55860-092-8.50012-5', '10.1016/s0921-8890(05)80030-2', '10.1037/11494-000', '10.1016/0025-5564(79)90063-4', '10.1136/jnnp.20.1.11', '10.1007/978-94-009-7758-7']",0.658353
10.1109/5.156474,"['10.1007/bf00133697', '10.1109/2.144438', '10.1109/tc.1978.1675179', '10.1007/bf01212455', '10.1109/tsmc.1979.4310076', '10.1109/icpr.1990.118197', '10.1016/0734-189x(89)90116-3', '10.1145/357423.357428', '10.1109/cvpr.1992.223205', '10.1142/s0218001491000156']",0.630331
10.1109/5.156477,"['10.1109/21.105083', '10.1016/0165-1684(86)90001-0', '10.1016/0165-1684(91)90050-s', '10.1142/9789814434362_0011', '10.1016/0031-3203(86)90027-0', '10.1016/0031-3203(88)90017-9', '10.1109/34.62612', '10.1007/bf01215877', '10.1016/0031-3203(80)90043-6', '10.1142/s0218001487000023', '10.1016/0165-1684(82)90021-4', '10.1016/0031-3203(70)90029-4', '10.1016/0031-3203(86)90025-7', '10.1016/0031-3203(88)90041-6', '10.1109/tsmc.1977.4309763', '10.1109/proc.1980.11675', '10.1016/0031-3203(88)90068-4', '10.1142/s0218001491000156', '10.1109/icpr.1990.118143']",0.630294
10.1109/5.18626,"['10.1002/j.1538-7305.1983.tb03115.x', '10.1016/0167-6393(88)90053-2', '10.1109/icassp.1987.1169727', '10.1109/icassp.1986.1169179', '10.1016/s0885-2308(86)80009-2', '10.1109/icassp.1985.1168283', '10.1002/j.1538-7305.1985.tb00274.x', '10.1002/j.1538-7305.1985.tb00439.x', '10.1109/tassp.1985.1164586', '10.1016/s0885-2308(86)80021-3', '10.1109/tassp.1985.1164727', '10.1109/icassp.1987.1169604', '10.1109/icassp.1982.1171633', '10.1109/icassp.1987.1169731', '10.1109/icassp.1987.1169748', '10.1109/icassp.1985.1168477', '10.1090/s0002-9904-1967-11751-8', '10.1214/aoms/1177699147', '10.1109/proc.1973.9030']",0.623744
10.1109/5.726791,"['10.1109/72.554195', '10.1162/neco.1995.7.6.1289', '10.1016/0031-3203(82)90024-3', '10.1007/bf00342633', '10.1113/jphysiol.1962.sp006837', '10.1162/neco.1993.5.3.419', '10.1109/5.18626', '10.1007/978-1-4615-3210-1', '10.1109/5.156474', '10.1109/5.156477', '10.1109/78.175747', '10.1007/bf00116037', '10.1162/neco.1992.4.6.888', '10.1007/bf02551274', '10.1162/neco.1991.3.3.440', '10.1109/tc.1978.1675179', '10.1162/neco.1994.6.5.851', '10.1103/physreva.45.6056', '10.1007/978-1-4757-2440-0']",0.675787
10.1109/72.554195,"['10.1109/acv.1994.341300', '10.1109/cvpr.1994.323814', '10.1117/12.191877', '10.1016/0031-3203(94)90081-7', '10.1007/bf00239352', '10.1007/3-540-60268-2_326', '10.1162/neco.1994.6.6.1289', '10.1113/jphysiol.1962.sp006837', '10.1162/neco.1995.7.5.867', '10.1109/5.58325', '10.1016/0031-3203(94)90031-0', '10.1109/34.254061', '10.1109/6.259484', '10.1109/icpr.1994.576879', '10.1109/5.381842', '10.1109/tassp.1987.1165110', '10.1109/72.143371', '10.1109/cvpr.1996.517076', '10.1109/dcc.1993.253111', '10.1007/978-3-642-97610-0']",0.62667
10.1109/78.175747,"['10.1111/j.1469-1809.1936.tb02137.x', '10.4153/cjm-1954-037-2', '10.1109/pgec.1965.264207', '10.1109/tssc.1966.300080', '10.1109/pgec.1967.264666', '10.1109/nnsp.1991.239512', '10.1109/nnsp.1991.239540', '10.1016/0893-6080(89)90003-8', '10.1109/tassp.1987.1165237', '10.1109/massp.1987.1165576', '10.1109/jrproc.1961.287776', '10.1109/icnn.1988.23829', '10.1109/jrproc.1962.288194', '10.1109/29.1598']",0.629361
10.1109/9.580874,"['10.1007/bf00115009', '10.1007/bf00993306', '10.1007/bf00993978', '10.1016/b978-1-55860-377-6.50040-2', '10.1162/neco.1995.7.2.270', '10.1007/bf00114726', '10.1007/bf00992698', '10.1162/neco.1994.6.6.1185', '10.1007/bf00114724', '10.1007/978-3-642-75894-2']",0.682609
10.1109/icnn.1993.298623,"['10.1016/0893-6080(90)90006-7', '10.1016/0893-6080(88)90003-2', '10.7551/mitpress/5236.001.0001']",0.658778
10.1109/iros.2008.4650953,"['10.1023/a:1020281327116', '10.1007/bf00992696', '10.1109/robot.2007.363633', '10.1109/robot.2002.1014739', '10.1016/j.robot.2004.03.003', '10.1109/iros.2005.1545257', '10.1109/iros.2006.282564', '10.1016/s0079-6123(06)65027-9', '10.5040/9781492596844', '10.1109/iros.2004.1389957']",0.65843
10.1109/tc.1978.1675179,"['10.1109/tc.1977.1674755', '10.1145/356643.356645', '10.1109/t-c.1974.223971', '10.1147/rd.194.0398', '10.1016/0031-3203(76)90027-3', '10.1109/tit.1967.1054060']",0.643379
10.1109/tssc.1966.300074,"['10.1287/opre.13.5.712', '10.1109/tssc.1965.300058']",0.659747
10.1111/j.1469-7580.2005.00421.x,"['10.1002/hipo.10215', '10.1016/j.neuroimage.2004.08.007', '10.1017/s0140525x99002034', '10.1093/brain/123.4.800', '10.1093/brain/122.9.1613', '10.1093/cercor/6.6.823', '10.1076/jcen.20.6.807.1114', '10.1016/s0896-6273(03)00156-9', '10.1016/0028-3932(93)90072-8', '10.1037/0894-4105.18.3.418', '10.1016/s0028-3932(97)00161-9', '10.1016/0278-2626(88)90038-3', '10.1080/02724980244000224', '10.1098/rstb.2001.0948', '10.1016/s0896-6273(02)00830-9', '10.1080/096582196388906', '10.1162/08989290051137585', '10.1016/0028-3932(95)00108-5', '10.1016/0028-3932(83)90039-8', '10.1016/s0028-3932(00)00103-2']",0.664553
10.1126/science.1062856,"['10.1016/0166-4328(95)00002-b', '10.1016/0166-2236(90)90081-k', '10.1016/0166-4328(95)00014-k', '10.1016/s0959-4388(00)00079-9', '10.1126/science.172.3978.80', '10.1017/s0140525x00004003', '10.1016/s0149-7634(00)00037-3', '10.1111/j.1365-2869.1994.tb00123.x', '10.1046/j.1365-2869.1999.00009.x', '10.1038/81756', '10.1016/0166-4328(95)00013-j', '10.1016/0166-4328(95)00024-n', '10.1126/science.8036518', '10.1111/1469-8986.3650571', '10.1016/0301-0511(84)90001-2', '10.1353/pbm.1974.0032', '10.1016/0031-9384(77)90138-x', '10.1016/0149-7634(85)90042-9', '10.1016/0031-9384(82)90268-2']",0.662808
10.1126/science.1063530,"['10.1016/s0149-7634(00)00037-3', '10.1016/s1364-6613(98)01258-3', '10.1017/s0140525x00004003', '10.1126/science.1062856', '10.1016/s0896-6273(01)00279-3', '10.1016/s0165-3806(99)00027-9', '10.1038/81881', '10.1126/science.8036518', '10.1162/089892900562075', '10.1038/81756', '10.1016/0301-0511(84)90001-2', '10.1126/science.1063049', '10.1126/science.118.3062.273', '10.1016/0149-7634(85)90042-9', '10.1016/0166-4328(95)00024-n', '10.1016/0031-9384(95)02054-3', '10.1016/0166-4328(95)00218-9', '10.1006/nlme.1997.3809', '10.1016/0166-4328(95)00013-j', '10.1016/0031-9384(82)90268-2']",0.664494
10.1126/science.1127647,"['10.1016/0885-2308(87)90026-x', '10.1126/science.269.5232.1860', '10.1162/neco.1997.9.7.1493', '10.1073/pnas.79.8.2554', '10.1162/neco.2006.18.7.1527', '10.1002/(sici)1097-4571(199009)41:6<391::aid-asi1>3.0.co;2-9', '10.1126/science.290.5500.2323', '10.1126/science.290.5500.2319']",0.66937
10.1126/science.1138581,"['10.1126/science.1062856', '10.1038/nature04286', '10.1177/1073858406292647', '10.1037/0033-295x.102.3.419', '10.1046/j.1365-2869.7.s1.3.x', '10.1016/s0959-4388(00)00079-9', '10.1126/science.8036517', '10.1038/nn1825', '10.1162/jocn.1997.9.4.534', '10.1073/pnas.0402820101', '10.1038/nature05278', '10.1016/j.neuron.2004.10.007', '10.3758/bf03194952', '10.1002/1099-0720(200103/04)15:2<159::aid-acp694>3.0.co;2-d', '10.1016/j.neuron.2005.10.009', '10.1146/annurev.neuro.27.070203.144130', '10.1101/lm.90405', '10.1038/nature01930', '10.1038/77744', '10.1016/s1053-8119(03)00278-7']",0.676759
10.1126/science.1179013,"['10.1126/science.287.5451.248', '10.1016/b978-008045046-9.00770-1', '10.1177/1073858406292647', '10.1126/science.1063530', '10.1126/science.1138581', '10.1016/j.brainresbull.2003.09.004']",0.656911
10.1126/science.269.5232.1860,"['10.1162/neco.1993.5.1.140', '10.1016/0893-6080(91)90040-c', '10.1109/18.256500', '10.1038/355161a0', '10.1002/j.1538-7305.1948.tb01340.x', '10.1016/0893-6080(89)90014-2', '10.1007/978-3-642-49207-5', '10.1007/978-1-4757-2249-9', '10.1007/978-1-4612-0877-8', '10.1162/neco.1994.6.4.696', '10.1109/18.42184', '10.1109/tit.1979.1056067', '10.1080/01621459.1989.10478797', '10.1126/science.7761831', '10.1162/neco.1994.6.6.1262', '10.1016/0893-6080(89)90020-8', '10.1017/9781139171809', '10.1109/18.256488', '10.1088/0954-898x_4_4_001']",0.656931
10.1126/science.275.5306.1593,"['10.1037/h0076778', '10.1037/0033-295x.88.2.135', '10.1101/lm.1.1.1', '10.1038/377725a0', '10.1523/jneurosci.16-05-01936.1996', '10.1016/0306-4522(94)90592-4', '10.7551/mitpress/4708.003.0020', '10.1016/1044-5765(92)90012-q', '10.1002/syn.890100307', '10.1016/0376-8716(95)01118-i', '10.1016/0006-8993(75)90998-1', '10.1126/science.897677', '10.1007/bf00426039', '10.1016/0006-8993(80)90666-6', '10.1146/annurev.ps.40.020189.001203', '10.1017/s0140525x00010372', '10.1016/0165-0173(83)90038-3', '10.1126/science.6857251', '10.1016/0361-9230(89)90223-2', '10.1152/physrev.1991.71.1.155']",0.661992
10.1126/science.290.5500.2319,"['10.1126/science.1598577', '10.1126/science.210.4468.390', '10.1162/jocn.1991.3.1.71', '10.1007/bf01421486', '10.1126/science.1908118', '10.1121/1.395916', '10.1121/1.1912239', '10.1126/science.1857964', '10.1126/science.269.5224.676', '10.1046/j.1365-8711.1998.01596.x', '10.1126/science.356262', '10.1038/326689a0', '10.1007/978-3-662-00784-6_5', '10.1080/01621459.1989.10478797', '10.1002/aic.690370209', '10.1126/science.269.5232.1860', '10.1162/089976698300017953', '10.1016/0165-1684(94)90029-9', '10.1162/neco.1995.7.6.1129', '10.1126/science.1251207']",0.670104
10.1126/science.290.5500.2323,"['10.1007/bf02293745', '10.1002/aic.690370209', '10.1007/978-3-662-00784-6', '10.1162/089976698300017953', '10.1016/s0031-3203(99)00078-3', '10.1080/01621459.1989.10478797', '10.1016/0893-6080(94)90109-0', '10.1126/science.272.5270.1905', '10.1137/1.9780898719581', '10.1038/44565', '10.1137/1.9781611970265', '10.1162/neco.1997.9.7.1493']",0.667949
10.1126/science.291.5502.312,"['10.1037/0097-7403.14.3.247', '10.1097/00001756-199801260-00023', '10.1046/j.1460-9568.1999.00530.x', '10.1038/35003571', '10.1523/jneurosci.04-08-02051.1984', '10.1152/jn.1994.71.3.856', '10.1016/s0960-9822(95)00108-4', '10.1098/rstb.1992.0003', '10.1007/978-3-642-65495-4_11', '10.1146/annurev.ne.19.030196.000545', '10.1038/35036228', '10.1126/science.273.5281.1542', '10.1126/science.272.5270.1905', '10.1023/a:1008170818506', '10.1523/jneurosci.16-16-05154.1996', '10.1097/00001756-199208000-00018', '10.1523/jneurosci.19-13-05493.1999', '10.1016/s0896-6273(00)80658-3', '10.7208/chicago/9780226471013.001.0001', '10.1038/380069a0']",0.661172
10.1126/science.6857251,"['10.1017/s0140525x00059380', '10.1037/h0036330', '10.1007/bf00432676', '10.1016/0014-2999(74)90109-5', '10.1016/0091-3057(81)90208-2', '10.1016/0006-8993(79)90206-3', '10.1192/bjp.137.4.379', '10.1007/bf00401511', '10.1016/0024-3205(81)90157-0', '10.1016/0014-2999(71)90121-x', '10.1001/archpsyc.1972.01750260021004', '10.1016/0091-3057(73)90091-9', '10.1017/s0140525x00010372', '10.1016/0091-3057(81)90225-2', '10.1126/science.566469']",0.651257
10.1126/science.8036517,"['10.1126/science.1529342', '10.1037/0735-7044.99.6.1040', '10.1113/jphysiol.1973.sp010274', '10.1016/0006-8993(86)91483-6', '10.1016/0306-4522(89)90423-5', '10.1523/jneurosci.14-10-06160.1994', '10.1126/science.164.3881.828', '10.1016/s0893-6080(05)80042-5', '10.1126/science.1585183', '10.1016/0006-8993(87)90496-3', '10.1016/0006-8993(78)90030-6', '10.1016/0166-2236(87)90011-7', '10.1098/rstb.1990.0164', '10.1523/jneurosci.09-08-02907.1989', '10.1016/s0006-3495(67)86597-4', '10.1146/annurev.ne.10.030187.001023', '10.1088/0954-898x_2_4_004', '10.1016/0013-4694(69)90092-3', '10.1126/science.8351520', '10.1152/jn.1972.35.2.230']",0.663252
10.1126/science.897677,"['10.1016/0006-8993(76)90078-0', '10.1111/j.1471-4159.1974.tb06061.x', '10.1038/254439a0', '10.1016/s0021-9673(01)96577-x', '10.1016/0006-8993(74)90618-0', '10.1126/science.184.4133.177', '10.1016/0006-8993(74)90947-0', '10.1152/ajplegacy.1975.229.6.1547', '10.1016/0006-8993(76)90500-x', '10.1016/0361-9230(76)90110-6', '10.1016/0091-3057(76)90018-6', '10.1016/0361-9230(77)90006-5', '10.1016/0006-8993(76)90615-6', '10.1016/0006-8993(73)90795-6', '10.1016/s0091-6773(72)80218-9', '10.1037/h0027655', '10.1037/h0030927', '10.1016/0006-8993(76)90797-6', '10.1126/science.184.4143.1243', '10.1037/h0026767']",0.666517
10.1136/jnnp.20.1.11,"['10.1007/bf01668327', '10.1159/000140010', '10.1146/annurev.ph.18.030156.002043', '10.1001/archneurpsyc.1939.02270240017001', '10.1016/0013-4694(52)90073-4', '10.1037/h0054728', '10.1111/j.1749-6632.1954.tb54849.x', '10.3171/jns.1954.11.1.0064', '10.1176/ajp.107.10.730', '10.1136/jnnp.15.2.79', '10.1212/wnl.5.6.373', '10.1080/00223980.1945.9917223', '10.1136/jnnp.17.2.115']",0.668055
10.1145/203330.203343,"['10.1016/0893-6080(89)90020-8', '10.7551/mitpress/5236.001.0001', '10.1147/rd.33.0210', '10.1023/a:1022633531479', '10.1162/neco.1989.1.3.321', '10.1007/bf00992697']",0.653995
10.1146/annurev.neuro.22.1.319,"['10.1002/cne.902320403', '10.1523/jneurosci.10-04-01176.1990', '10.1146/annurev.neuro.20.1.303', '10.1093/oso/9780198542841.003.0020', '10.1523/jneurosci.11-01-00168.1991', '10.1152/jn.1991.66.3.1095', '10.1152/jn.1991.66.3.1109', '10.1016/0028-3932(86)90075-8', '10.1152/jn.1995.73.2.886', '10.1007/978-3-642-60661-8_33', '10.1038/375232a0', '10.1152/jn.1985.53.3.603', '10.1152/jn.1994.71.3.1266', '10.1093/cercor/6.3.319', '10.1016/s0926-6410(96)00046-8', '10.1152/jn.1993.69.3.902', '10.1152/jn.1996.76.5.2841', '10.1002/cne.902690307', '10.1016/0028-3932(94)90152-x']",0.668824
10.1146/annurev.neuro.25.112701.142922,"['10.1002/cphy.cp010512', '10.1007/bf00248552', '10.1016/0959-4388(93)90206-e', '10.1016/s0010-9452(13)80188-8', '10.1159/000210464', '10.1126/science.285.5425.257', '10.1152/jn.2001.85.2.539', '10.1152/jn.2000.83.4.2374', '10.1038/381697a0', '10.1212/wnl.50.5.1253', '10.1152/jn.1996.76.3.1457', '10.1126/science.273.5281.1544', '10.1038/416632a', '10.1152/jn.1981.46.4.755', '10.1007/s002210050890', '10.1152/jn.1998.79.6.2919', '10.1038/10223', '10.1038/383618a0', '10.1016/s0896-6273(00)00073-8', '10.1146/annurev.neuro.22.1.319']",0.662941
10.1146/annurev.neuro.28.061604.135722,"['10.1111/j.1471-4159.1989.tb09224.x', '10.1038/245150a0', '10.1111/j.1748-1716.2006.01579.x', '10.1007/bf00421027', '10.1126/science.8023166', '10.1152/jn.1992.68.3.945', '10.1093/brain/115.1.199', '10.1016/s0306-4522(98)00583-1', '10.1016/j.neuron.2005.05.020', '10.1016/s0165-0173(98)00019-8', '10.1093/brain/111.2.323', '10.1016/0166-2236(90)90058-i', '10.1126/science.112679', '10.1073/pnas.80.14.4546', '10.1523/jneurosci.12-11-04224.1992', '10.1523/jneurosci.17-12-04536.1997', '10.1016/0028-3932(89)90167-x', '10.1523/jneurosci.23-34-10827.2003', '10.1046/j.1460-9568.2003.02849.x', '10.1016/0306-4522(84)90058-7']",0.659571
10.1146/annurev.neuro.29.051605.113038,"['10.1016/j.neuron.2004.11.017', '10.1038/nature04982', '10.1152/jn.00130.2005', '10.1002/cne.902960106', '10.1016/0959-4388(92)90143-9', '10.1002/cne.902410309', '10.1038/373518a0', '10.1111/j.2044-8317.1965.tb00342.x', '10.1038/nn1209', '10.1038/37975', '10.1523/jneurosci.18-18-07519.1998', '10.1523/jneurosci.5007-03.2004', '10.1002/cne.902990404', '10.1038/33688', '10.1016/s0896-6273(01)00303-8', '10.1046/j.1460-9568.2002.02207.x', '10.1046/j.1460-9568.2002.02206.x', '10.1017/s0952523898153166', '10.1017/s095252380000715x']",0.656343
10.1146/annurev.neuro.31.061307.090723,"['10.1038/342175a0', '10.1017/cbo9780511623257', '10.1016/0022-5193(64)90067-0', '10.1016/s0079-6123(08)61257-1', '10.1038/nn1905', '10.1103/physreve.58.7738', '10.1523/jneurosci.4724-06.2007', '10.1162/neco.1996.8.1.85', '10.1016/j.neuron.2006.08.016', '10.1002/hipo.450010207', '10.1126/science.1071089', '10.1523/jneurosci.2857-06.2006', '10.1002/hipo.20327', '10.1016/0306-4522(89)90423-5', '10.1016/0165-0173(83)90037-1', '10.1016/j.tins.2005.01.007', '10.1002/hipo.20091', '10.1007/bf00243212', '10.1002/cne.902460403', '10.1097/00001756-199902250-00033']",0.656727
10.1146/annurev.psych.56.091103.070229,"['10.1152/jn.2000.84.4.2166', '10.1523/jneurosci.14-06-03969.1994', '10.1007/bf00231732', '10.1152/jn.1992.68.3.945', '10.1523/jneurosci.2583-04.2004', '10.1016/s0028-3908(98)00033-1', '10.1038/nn1209', '10.2307/1909829', '10.1152/jn.1996.75.3.1061', '10.1152/jn.1996.75.4.1673', '10.1152/jn.01014.2002', '10.1007/bf00603975', '10.3758/bf03199951', '10.1037//0097-7403.2.4.313', '10.1016/j.neuron.2004.09.009', '10.1126/science.1077349', '10.7551/mitpress/2302.001.0001', '10.1152/jn.2001.85.6.2477', '10.1093/cercor/10.3.263', '10.1152/jn.1989.61.4.814']",0.657256
10.1152/jn.00404.2011,"['10.1523/jneurosci.23-26-08827.2003', '10.1126/science.1257783', '10.1152/jn.1983.50.5.1197', '10.1523/jneurosci.5475-09.2010', '10.1523/jneurosci.4755-08.2009', '10.1002/hipo.450010207', '10.1121/1.380686', '10.1002/(sici)1096-9861(19980824)398:2<179::aid-cne3>3.0.co;2-y', '10.1002/hipo.450050503', '10.1152/jn.00827.2005', '10.1152/jn.1996.76.3.1698', '10.1152/jn.1986.55.2.331', '10.1016/j.tins.2008.06.008', '10.1523/jneurosci.19-01-00274.1999', '10.1126/science.144.3618.555', '10.3758/bf03203109', '10.1523/jneurosci.2975-03.2004', '10.1016/s0896-6273(00)80773-4', '10.1523/jneurosci.07-03-00716.1987', '10.1016/j.beproc.2006.08.005']",0.657432
10.1162/neco.1989.1.3.321,['10.1162/neco.1989.1.1.1'],0.657245
10.1162/neco.1991.3.3.440,"['10.1162/neco.1989.1.4.541', '10.1162/neco.1989.1.1.1']",0.630356
10.1162/neco.1992.4.6.888,"['10.2307/2282952', '10.1162/neco.1991.3.1.79', '10.1162/neco.1989.1.2.281']",0.631571
10.1162/neco.1993.5.3.419,"['10.1016/0031-3203(86)90025-7', '10.1016/0262-8856(87)90071-0']",0.629486
10.1162/neco.1994.6.5.851,"['10.1162/neco.1993.5.2.278', '10.1162/neco.1989.1.1.151', '10.1016/0047-259x(82)90083-5', '10.1137/1116025']",0.628967
10.1162/neco.1994.6.6.1185,"['10.1007/bf00992701', '10.1214/aoms/1177729586', '10.1007/bf00992698']",0.662937
10.1162/neco.1995.7.2.270,"['10.1007/bf00992701', '10.1162/neco.1991.3.2.226', '10.1007/bf00115009', '10.1007/bf00992697']",0.647403
10.1162/neco.1995.7.6.1289,"['10.1109/72.125866', '10.1016/0031-3203(91)90081-f', '10.1162/neco.1989.1.4.541', '10.1038/323533a0', '10.1109/34.57669']",0.628406
10.1162/neco.1997.9.7.1493,"['10.1016/0893-6080(89)90014-2', '10.1007/bf00332918', '10.2307/2289282', '10.1109/83.465101', '10.1109/t-c.1971.223208', '10.1016/0893-6080(89)90003-8', '10.1080/01621459.1989.10478797', '10.1126/science.269.5232.1860', '10.1103/physreva.41.5325', '10.1016/0893-6080(89)90020-8', '10.1002/aic.690370209', '10.1007/bf00275687', '10.1142/s0129065789000475', '10.1162/neco.1994.6.5.916', '10.1209/0295-5075/10/7/015', '10.1109/tassp.1985.1164557', '10.1162/neco.1993.5.3.363']",0.659044
10.1162/neco.2006.18.7.1527,"['10.1109/34.993558', '10.1023/a:1012454411458', '10.1006/inco.1995.1136', '10.2307/2287576', '10.1162/089976602760128018', '10.1126/science.7761831', '10.1109/5.726791', '10.1364/josaa.20.001434', '10.1109/34.982899', '10.1016/0004-3702(92)90065-6', '10.1109/tip.2005.852470', '10.1016/0893-6080(89)90044-0', '10.1162/jmlr.2003.4.7-8.1235']",0.668919
10.1163/1568553041719519,"['10.1007/bf00198086', '10.1126/science.3975635', '10.1007/s004220050408', '10.1163/156855300x00061', '10.1007/978-1-4615-3618-5', '10.1080/00222895.1988.10735430']",0.657984
10.1177/0278364907087548,"['10.1023/a:1006559212014', '10.1023/a:1006511328852', '10.1109/robot.2000.846414', '10.1162/jocn.1993.5.4.408', '10.1162/neco.1997.9.2.271', '10.1177/027836499301200101', '10.1002/0471781819', '10.1002/rob.4620060203', '10.1207/s15516709cog1603_1', '10.1613/jair.301', '10.1109/tmech.2005.848290', '10.1109/jra.1987.1087068', '10.1023/a:1015727715131', '10.1002/0471722138', '10.1109/robot.2000.844073', '10.1017/cbo9780511665479', '10.1162/089976605774320557', '10.1023/a:1013258808932']",0.659522
10.1177/105971230501300301,"['10.1007/3-540-64473-3_74', '10.1007/3-540-48422-1_28', '10.1613/jair.575', '10.1613/jair.639', '10.1007/3-540-64473-3_76', '10.1080/088395198117848', '10.1002/9780470316887', '10.1007/3-540-45324-5_40', '10.7551/mitpress/4151.001.0001', '10.1007/3-540-45603-1_22', '10.1007/3-540-45324-5_23', '10.1007/3-540-48422-1_21', '10.1016/s0004-3702(99)00052-1', '10.1162/neco.1994.6.2.215', '10.1109/9.580874']",0.656919
10.1523/jneurosci.21-04-01340.2001,"['10.1093/cercor/8.6.510', '10.1152/jn.1998.80.6.2918', '10.1152/jn.1996.76.5.2841', '10.1152/jn.1997.78.1.199', '10.1523/jneurosci.04-08-02051.1984', '10.1038/77722', '10.1007/bf00237333', '10.1097/00001756-199806220-00045', '10.1093/cercor/4.5.455', '10.1007/bf00241967', '10.1037/0096-1523.13.3.449', '10.1152/jn.1995.73.1.218', '10.1152/jn.1998.80.1.324', '10.1016/0042-6989(94)00279-u', '10.1152/jn.1985.53.4.926', '10.1016/s0166-2236(96)10070-9', '10.1101/sqb.1996.061.01.006', '10.1146/annurev.ne.19.030196.003045', '10.1016/s0960-9822(95)00108-4', '10.1093/cercor/4.5.523']",0.665985
10.1523/jneurosci.3002-07.2007,"['10.1016/0042-6989(96)00036-3', '10.1038/387401a0', '10.7551/mitpress/5295.003.0018', '10.1002/hbm.20158', '10.1016/0042-6989(87)90011-3', '10.1016/s0042-6989(98)00113-8', '10.1523/jneurosci.13-03-01202.1993', '10.1016/s0896-6273(00)80593-0', '10.2307/1419876', '10.1006/cbmr.1996.0014', '10.1006/nimg.1998.0395', '10.1002/mrm.10303', '10.1073/pnas.93.24.13494', '10.1073/pnas.022615199', '10.1038/369525a0', '10.1093/cercor/7.2.181', '10.1167/4.10.4', '10.1016/0042-6989(95)00044-z', '10.1167/2.2.5', '10.1016/0042-6989(81)90017-1']",0.657912
